reel_id,popularity_score
1060,152.94
2549,152.07999999999998
2621,148.34
674,146.88
1729,146.64000000000001
1464,144.54
465,143.24
2278,142.2
125,141.3
2851,138.46
1759,137.06
1434,136.74
921,136.42
1036,136.12
182,135.58
1644,134.7
2726,134.36
2158,134.28
280,134.2
1848,134.2
1315,134.14
387,134.07999999999998
2118,133.7
2092,132.98
2693,132.86
1705,132.3
2625,131.85999999999999
234,131.5
2654,131.12
2364,130.96
2689,130.6
1708,130.46
1801,130.46
2416,130.42
542,130.2
2611,129.74
583,128.94
1279,128.42
12,127.94
1973,127.7
1541,127.67999999999999
670,126.48
202,126.46000000000001
856,126.34
731,125.66
1508,125.42
1769,125.28
5,125.0
2859,124.88
1343,124.88
138,124.82
2888,124.74
226,124.28
942,124.2
1488,124.12
1738,124.06
2282,123.96
2783,123.78
1686,123.36
766,123.16
1884,123.08
2839,123.02
2126,122.72
2633,122.18
1224,122.04
332,122.0
1803,121.94
1552,121.9
2493,121.36
1814,121.3
2253,121.17999999999999
902,120.8
195,120.5
1129,120.44
161,120.32
1629,120.12
2144,120.1
1182,119.94
2313,119.92
1649,119.88
746,119.75999999999999
2566,119.52
1897,119.48
1145,119.46
859,119.34
1064,119.06
74,119.0
1242,118.9
1998,118.82
358,118.75999999999999
455,118.74
2302,118.74
1883,118.62
2476,118.58
2944,118.56
498,118.42
913,118.38
1640,118.12
809,118.08
1792,117.94
870,117.74
157,117.72
2751,117.67999999999999
2630,117.46
1993,117.34
1866,117.2
360,117.18
1840,117.18
2010,117.14
2924,117.14
1465,117.12
2745,117.08
144,117.08
1385,117.06
1451,116.9
2153,116.86
877,116.58
528,116.44
2698,116.36
2848,116.26
1003,116.24
973,116.22
768,115.84
400,115.8
2832,115.76
2776,115.76
917,115.60000000000001
2790,115.54
2674,115.52
120,115.5
784,115.14
2382,115.12
2948,115.12
1885,115.12
416,115.04
742,114.96
372,114.92
1675,114.78
2258,114.76
1689,114.62
2412,114.54
2295,114.53999999999999
1353,114.32000000000001
80,114.24
248,114.22
2759,114.22
1992,113.92
677,113.92
415,113.84
2291,113.84
1384,113.78
160,113.74
576,113.7
1202,113.52
1623,113.5
2591,113.44
1120,113.14
2257,113.02
167,112.96
1243,112.8
884,112.72
1709,112.7
1995,112.66
1636,112.60000000000001
1610,112.6
2560,112.5
1977,112.5
1603,112.42
2379,112.28
462,112.08
815,112.06
2,111.9
2607,111.88
106,111.82000000000001
982,111.76
2675,111.75999999999999
1068,111.72
1963,111.7
2837,111.7
2367,111.68
2261,111.66
1426,111.58
2280,111.56
2917,111.5
1876,111.44
2395,111.28
423,111.26
847,111.26
2996,111.08
1340,111.04
308,111.0
545,110.98
2545,110.98
2896,110.94
1146,110.94
2595,110.92
681,110.92
761,110.9
1810,110.86
2264,110.84
736,110.78
1194,110.74
1762,110.74
174,110.72
2306,110.72
1911,110.7
574,110.68
1950,110.64
166,110.52
54,110.52
661,110.52
2820,110.52
2157,110.46
711,110.36
600,110.34
2254,110.24
1057,110.2
297,110.08
694,110.0
925,109.84
1428,109.46
2088,109.46
1515,109.4
386,109.38
1754,109.26
772,109.18
1061,109.14
881,109.14
2581,109.06
2901,109.06
544,109.02
298,109.0
2482,108.98
1691,108.94
180,108.9
747,108.76
2439,108.72
2894,108.58
1379,108.4
129,108.06
1912,108.0
2930,107.98
2256,107.96000000000001
946,107.96
1670,107.86
1933,107.84
2871,107.8
2341,107.8
2814,107.7
105,107.7
2355,107.7
1913,107.60000000000001
2173,107.6
1941,107.58
2114,107.56
2798,107.46
2176,107.4
1360,107.3
2031,107.25999999999999
2635,107.06
1605,106.98
98,106.98
2608,106.98
2320,106.92
875,106.9
1097,106.76
1572,106.76
1576,106.7
2143,106.66
350,106.6
893,106.53999999999999
999,106.44
68,106.44
886,106.44
753,106.42
1387,106.38
1237,106.28
19,106.22
1363,106.22
1173,106.22
2443,106.2
17,106.08
2115,105.98
2103,105.84
62,105.74
288,105.72
1556,105.7
197,105.56
2262,105.54
2907,105.52
2354,105.5
2843,105.46
341,105.4
2579,105.36
2673,105.34
1852,105.34
334,105.28
1284,105.26
1886,105.24000000000001
340,105.24
2582,105.2
1278,105.14
704,105.14
1329,105.14
2687,105.06
2627,105.03999999999999
1229,105.02
1749,104.98
647,104.94
1087,104.9
2985,104.86
1969,104.82
525,104.8
2094,104.76
2554,104.74
868,104.74
804,104.72
469,104.7
1106,104.66
2826,104.62
2703,104.6
2319,104.6
479,104.54
2854,104.52
1402,104.42
1555,104.38
1818,104.38
1258,104.28
271,104.26
2049,104.26
103,104.25999999999999
737,104.14
1186,104.1
1722,104.02
377,104.02
672,104.0
2722,103.94
2044,103.88
2788,103.84
655,103.84
531,103.82
2961,103.8
1531,103.76
405,103.74
1484,103.72
2224,103.66
1218,103.60000000000001
2344,103.56
1538,103.54
2893,103.53999999999999
2965,103.52
897,103.48
1658,103.46000000000001
2043,103.44
1710,103.38
805,103.36
1479,103.36
2425,103.32
2459,103.28
1205,103.26
2967,103.24000000000001
639,103.22
2620,103.14
1163,103.12
1264,103.1
77,103.0
587,103.0
2007,103.0
1445,102.88
1335,102.84
1352,102.82
2619,102.8
127,102.68
579,102.66
1472,102.6
816,102.58
1926,102.56
854,102.54
49,102.48
2562,102.48
1994,102.46000000000001
111,102.44
873,102.42
2817,102.36
2850,102.36
1368,102.32000000000001
887,102.26
1745,102.16
569,102.08
1308,102.02
2109,101.9
1910,101.9
2038,101.88
1176,101.78
2423,101.72
2616,101.72
1514,101.64
2668,101.64
2991,101.60000000000001
2512,101.56
566,101.52
1832,101.48
2054,101.44
844,101.4
1641,101.38000000000001
2500,101.38
1775,101.28
2011,101.22
39,101.22
159,101.2
296,101.14
1650,101.12
1618,101.12
1846,101.12
2784,101.12
2919,101.08
1550,101.06
1028,100.98
2694,100.96000000000001
984,100.96
1412,100.94
207,100.9
279,100.9
2514,100.9
364,100.84
1190,100.82
2729,100.8
1102,100.78
1436,100.78
2696,100.76
598,100.76
2303,100.7
2277,100.64
2768,100.56
507,100.56
1811,100.5
1587,100.4
2969,100.38
2629,100.38
2543,100.36
181,100.36
2081,100.36
1496,100.3
1361,100.28
2321,100.28
2484,100.28
1227,100.24
966,100.24
1012,100.22
1770,100.22
744,100.16
791,100.14
1606,100.06
750,100.02
2241,100.0
1954,99.94
1864,99.94
1316,99.94
2362,99.92
2640,99.9
2812,99.86
119,99.84
2275,99.74
1901,99.62
2600,99.6
2091,99.6
407,99.6
2485,99.6
1513,99.58
563,99.56
2802,99.53999999999999
2345,99.5
1114,99.5
1153,99.48
20,99.48
1900,99.42
434,99.4
240,99.4
1474,99.4
45,99.39999999999999
2329,99.38
2336,99.36
2421,99.34
2789,99.3
1203,99.28
1047,99.28
2903,99.28
375,99.26
2373,99.22
200,99.14
2939,99.12
2347,99.12
2219,99.12
1482,99.1
1452,99.06
459,99.0
2195,99.0
1172,98.98
1666,98.9
2508,98.9
994,98.86
2227,98.82
2803,98.82
211,98.78
2929,98.72
1,98.66
313,98.66
2761,98.66
986,98.64
2350,98.64
203,98.62
1018,98.62
2925,98.56
2950,98.52
2284,98.5
2926,98.5
349,98.48
2012,98.44
848,98.44
595,98.36
94,98.36
2763,98.34
235,98.3
1978,98.3
412,98.26
1854,98.2
2292,98.14
2246,98.10000000000001
565,98.1
2780,98.08
67,98.08
27,98.06
2882,98.04
2721,98.02
2572,98.02
1776,98.0
627,97.96
2315,97.92
259,97.92
1793,97.86
2107,97.82
466,97.78
1444,97.76
642,97.76
2544,97.74
1564,97.66
1696,97.6
558,97.58
2952,97.56
515,97.54
2029,97.53999999999999
956,97.52
983,97.48
1972,97.48
2023,97.44
1286,97.4
2870,97.4
1601,97.38
2684,97.36
1875,97.3
134,97.2
172,97.12
2615,97.02
2174,97.02
2791,96.98
1790,96.98
2478,96.96000000000001
834,96.94
662,96.92
1296,96.92
1312,96.86
2705,96.82
2679,96.72
615,96.7
1437,96.7
1469,96.7
1005,96.68
488,96.66
1040,96.64
2489,96.56
2933,96.48
1615,96.48
786,96.42
2086,96.36
1187,96.36
450,96.32000000000001
2304,96.28
688,96.28
1835,96.25999999999999
2642,96.25999999999999
1999,96.24000000000001
2801,96.24
2794,96.24
1077,96.2
808,96.18
869,96.16
872,96.1
1702,96.08
46,96.08
780,96.04
1873,96.03999999999999
2818,96.02
1174,96.0
1309,96.0
1849,96.0
2187,95.98
1986,95.96
2538,95.9
1031,95.86
1786,95.84
1767,95.84
2905,95.84
1449,95.84
2517,95.82000000000001
624,95.8
2860,95.8
2449,95.78
2377,95.78
2273,95.74
2370,95.74
1777,95.72
1865,95.7
2590,95.66
2314,95.66
555,95.66
1423,95.64
2147,95.6
1889,95.58
2746,95.56
1497,95.5
721,95.5
2521,95.48
339,95.46
1032,95.46
2112,95.39999999999999
599,95.38
2533,95.36
518,95.34
2958,95.32
457,95.22
1089,95.2
2762,95.2
220,95.18
1460,95.16
93,95.12
392,95.1
151,95.1
328,95.0
1907,94.98
2445,94.96
980,94.9
1891,94.86
389,94.84
1170,94.8
1966,94.8
150,94.76
1424,94.72
974,94.72
206,94.7
2778,94.7
513,94.67999999999999
2829,94.66
1929,94.64
2980,94.6
2178,94.6
448,94.6
2467,94.6
2249,94.56
1341,94.48
192,94.42
1016,94.42
2066,94.36
2810,94.34
755,94.3
637,94.22
1571,94.2
1091,94.2
1819,94.18
333,94.16
2864,94.16
654,94.16
2213,94.14
2592,94.14
989,94.08
467,94.04
926,94.02
1259,94.02
1150,94.0
1049,93.98
2325,93.98
1052,93.88
920,93.88
2191,93.88
529,93.86
1193,93.84
137,93.82
614,93.8
2516,93.78
163,93.76
1200,93.72
1519,93.72
2406,93.7
2966,93.7
2932,93.68
1042,93.66
1048,93.66
718,93.64
696,93.62
2289,93.58
1007,93.54
2070,93.54
549,93.52
1529,93.5
306,93.48
561,93.48
557,93.48
997,93.48
708,93.44
900,93.4
2530,93.38
284,93.36
911,93.36
806,93.32
1816,93.3
1134,93.3
2773,93.28
676,93.24
2899,93.24
397,93.22
1627,93.2
2188,93.17999999999999
1637,93.14
2641,93.12
26,93.12
165,93.06
509,92.98
2834,92.94
638,92.9
996,92.88
1135,92.82
399,92.8
2305,92.8
2587,92.78
959,92.7
520,92.7
31,92.66
1432,92.66
2205,92.62
1495,92.62
2754,92.56
1246,92.48
830,92.48
2271,92.46
771,92.42
277,92.4
1896,92.4
2913,92.4
653,92.36
2059,92.34
2989,92.32000000000001
590,92.22
1902,92.2
1583,92.18
2813,92.14
2690,92.14
2585,92.14
888,92.12
2609,92.08
1453,92.06
1580,92.06
342,92.03999999999999
1063,92.03999999999999
2963,92.03999999999999
233,91.98
1748,91.96000000000001
2042,91.94
560,91.92
939,91.88
1783,91.86
2130,91.84
1099,91.84
2605,91.82000000000001
3,91.8
2583,91.78
552,91.78
527,91.68
191,91.68
1376,91.66
2610,91.58
2732,91.54
1213,91.52
937,91.48
2760,91.44
2550,91.38
602,91.36
1598,91.36
758,91.22
1326,91.22
1277,91.2
183,91.18
1808,91.17999999999999
338,91.14
352,91.14
2539,91.14
2862,91.12
2723,91.11999999999999
1612,91.1
1356,91.08
2916,91.06
505,91.04
883,91.02
1817,91.0
2977,90.98
1392,90.94
949,90.94
1158,90.94
2855,90.9
1857,90.88
1527,90.88
2058,90.86
1721,90.86
826,90.84
71,90.82000000000001
2897,90.82
1877,90.78
1297,90.74
2193,90.74
1303,90.72
2378,90.72
171,90.7
1869,90.7
1386,90.68
2534,90.66
658,90.64
2623,90.64
2978,90.64
2200,90.64
2491,90.62
219,90.62
2799,90.6
1930,90.6
1970,90.58
53,90.56
2136,90.52
2108,90.52
1499,90.46000000000001
2339,90.46
2666,90.44
2207,90.4
1562,90.38
1648,90.34
592,90.34
2453,90.3
317,90.22
2393,90.18
1088,90.12
473,90.12
2374,90.1
1162,90.08
2695,90.04
2330,90.03999999999999
2018,90.0
2184,89.98
767,89.9
2123,89.9
2651,89.9
1611,89.84
413,89.84
1019,89.82
1471,89.82
2682,89.78
35,89.76
2914,89.72
295,89.72
329,89.72
1980,89.68
828,89.68
2974,89.58
596,89.58
1837,89.58
2833,89.56
2252,89.54
204,89.52
864,89.52
1100,89.5
213,89.5
1563,89.48
2135,89.46000000000001
325,89.46
1653,89.44
2244,89.4
1221,89.4
1149,89.4
121,89.4
2428,89.38
712,89.36
632,89.34
1196,89.32
493,89.26
427,89.24000000000001
1778,89.2
232,89.16
620,89.16
2019,89.16
2659,89.14
650,89.14
162,89.12
981,89.12
1779,89.1
1138,89.1
719,89.1
28,89.1
1750,89.08
1656,89.0
820,89.0
2847,89.0
484,89.0
2426,88.98
70,88.98
906,88.97999999999999
2767,88.96000000000001
1400,88.94
1443,88.9
890,88.88
1688,88.86
2021,88.84
2226,88.84
2307,88.82
610,88.78
1002,88.78
1226,88.78
2201,88.76
2438,88.74
2599,88.74
1043,88.72
402,88.7
2461,88.7
1520,88.68
2017,88.66
1175,88.66
2845,88.66
1167,88.66
535,88.64
61,88.64
1398,88.62
880,88.6
1566,88.6
1338,88.58
567,88.56
2564,88.56
65,88.54
1505,88.52
2594,88.44
882,88.44
314,88.44
501,88.42
408,88.42
2983,88.36
2148,88.34
2298,88.34
91,88.32
1971,88.3
553,88.3
1103,88.3
1199,88.28
1939,88.26
2436,88.2
972,88.2
2353,88.2
2300,88.16
512,88.12
38,88.1
2877,88.1
1333,88.1
754,88.08
324,88.08
2806,88.06
573,88.04
1923,88.04
1732,88.03999999999999
1093,88.02
113,88.0
2431,87.96000000000001
1536,87.92
1441,87.89999999999999
148,87.84
1661,87.82
2222,87.74
2159,87.72
957,87.7
2047,87.7
1336,87.66
891,87.64
1403,87.64
1390,87.62
431,87.6
495,87.58
2203,87.58
2209,87.56
630,87.56
216,87.56
140,87.53999999999999
2957,87.52
2239,87.46000000000001
2293,87.44
2730,87.42
2830,87.4
1887,87.4
3000,87.4
1000,87.38
843,87.32000000000001
487,87.32000000000001
2405,87.32
2757,87.32
903,87.32
2692,87.3
811,87.28
2016,87.28
782,87.22
1924,87.16
2811,87.14
2480,87.1
1133,87.1
818,87.0
2015,87.0
2614,87.0
2982,86.96
835,86.94
2204,86.92
1139,86.9
833,86.88
1668,86.86
37,86.8
1413,86.76
1346,86.76
524,86.74
449,86.74
2528,86.74
104,86.6
1765,86.6
2774,86.58
2866,86.58
2494,86.56
208,86.56
1680,86.48
2346,86.48
1473,86.46000000000001
1526,86.44
1989,86.44
907,86.44
2075,86.4
1882,86.36
2922,86.34
2333,86.32
2146,86.3
2765,86.3
1943,86.28
2175,86.28
2667,86.28
326,86.26
2288,86.26
1502,86.24
1868,86.24
1607,86.22
1685,86.22
901,86.2
1257,86.2
618,86.18
519,86.18
2874,86.16
952,86.16
351,86.14
2210,86.14
1185,86.14
2142,86.14
1683,86.1
1477,86.1
1850,86.06
832,86.04
2612,86.03999999999999
2169,86.02
2937,86.02
516,85.96
2990,85.92
2889,85.9
701,85.88
1518,85.88
1558,85.88
1498,85.88
623,85.86
1714,85.84
2456,85.84
289,85.82
1235,85.8
1234,85.78
669,85.76
309,85.74000000000001
1427,85.74000000000001
2051,85.74
2838,85.72
1373,85.72
1830,85.68
2003,85.68
2479,85.66
370,85.66
2385,85.66
1758,85.66
100,85.66
2322,85.64
1707,85.6
2531,85.6
976,85.58
1481,85.56
1164,85.56
2885,85.54
1331,85.53999999999999
263,85.52
1815,85.44
1085,85.4
1317,85.4
82,85.38
940,85.34
276,85.32000000000001
2920,85.28
107,85.26
2724,85.26
1169,85.24
305,85.22
184,85.2
1276,85.18
1230,85.14
577,85.12
447,85.12
636,85.1
1784,85.1
1269,85.08
2613,85.06
1804,85.06
1118,85.03999999999999
2245,85.02
2524,85.02
2466,85.02
1600,84.98
1534,84.98
244,84.98
1300,84.96
951,84.9
2375,84.88
40,84.86
1094,84.84
1780,84.8
1344,84.8
293,84.76
2709,84.76
550,84.7
2125,84.7
1354,84.7
2442,84.68
1178,84.68
2936,84.62
10,84.58
665,84.56
1081,84.54
1245,84.52
18,84.5
2004,84.44
691,84.44
2863,84.4
1800,84.4
1249,84.38
1459,84.36
2202,84.32
1066,84.3
92,84.28
158,84.28
547,84.28
1141,84.28
474,84.24
1288,84.24
1255,84.16
433,84.12
2486,84.12
310,84.12
2555,84.10000000000001
1679,84.1
1222,84.1
1238,84.08
303,84.04
190,84.04
390,84.0
1569,83.98
1975,83.98
272,83.98
1389,83.96
1271,83.94
617,83.92
2335,83.9
1654,83.88
346,83.88
2069,83.86
2424,83.86
1594,83.84
1108,83.82000000000001
1805,83.82
2706,83.78
500,83.74
2129,83.74
1921,83.74
1287,83.74
2664,83.72
1095,83.72
47,83.68
1687,83.68
398,83.66
1789,83.64
725,83.64
90,83.62
964,83.62
2192,83.62
1025,83.62
1595,83.6
916,83.6
1570,83.58
769,83.58
1144,83.58
1542,83.56
2450,83.56
2683,83.53999999999999
1359,83.52
212,83.46000000000001
2496,83.42
894,83.4
947,83.4
1455,83.38
185,83.36
2036,83.36
741,83.34
2887,83.34
471,83.3
1546,83.3
1241,83.28
2993,83.26
2077,83.26
841,83.26
2535,83.26
2076,83.26
698,83.26
494,83.2
1516,83.18
857,83.17999999999999
1545,83.16
950,83.16
1302,83.14
6,83.14
1422,83.06
2106,83.04
1588,82.98
935,82.98
205,82.98
1489,82.98
2071,82.96000000000001
1847,82.94
2501,82.94
2099,82.94
2380,82.92
1812,82.92
2104,82.88
915,82.88
2390,82.86
382,82.84
931,82.82
1639,82.78
2171,82.76
1365,82.74
2597,82.72
2787,82.7
2702,82.66
2268,82.66
2643,82.64
2150,82.64
2041,82.64
2234,82.62
1107,82.6
1671,82.6
2742,82.6
1509,82.6
2297,82.58
1404,82.54
1408,82.48
2497,82.48
958,82.48
764,82.44
2951,82.44
228,82.44
1938,82.42
1706,82.42
1742,82.38
619,82.38
2525,82.36
2716,82.34
290,82.32
1730,82.28
2324,82.22
2165,82.2
454,82.2
2704,82.16
2163,82.16
443,82.16
2078,82.04
269,82.02
2617,82.02
1391,82.02
2487,82.0
2235,82.0
2502,81.98
581,81.98
1225,81.94
1716,81.92
932,81.9
88,81.86
517,81.84
2753,81.74
2971,81.74
492,81.74
2584,81.7
164,81.7
794,81.7
383,81.68
2475,81.66
2660,81.66
480,81.64
2938,81.62
2970,81.60000000000001
1372,81.6
2186,81.6
485,81.56
2883,81.56
1345,81.56
2681,81.54
2242,81.52
1486,81.52
2992,81.52
910,81.52
1380,81.52
1207,81.52
2170,81.5
625,81.48
258,81.46000000000001
785,81.46
153,81.42
1125,81.42
1212,81.42
2911,81.38
60,81.36
1949,81.36
361,81.36
1982,81.34
395,81.34
2697,81.34
97,81.3
1630,81.28
1342,81.28
1261,81.26
2644,81.25999999999999
384,81.25999999999999
1592,81.22
1493,81.2
152,81.2
1281,81.18
1761,81.16
424,81.1
2699,81.1
302,81.1
2259,81.08
1720,81.08
1023,81.08
845,81.06
1584,81.06
2511,81.04
1625,81.04
508,81.04
781,81.0
629,80.98
1841,80.96000000000001
315,80.96
96,80.96
1231,80.96
2606,80.96
2872,80.92
343,80.92
256,80.92
1483,80.86
2024,80.86
2997,80.86
1582,80.84
2536,80.82
858,80.8
645,80.78
1128,80.76
2427,80.7
1304,80.7
222,80.68
689,80.68
2236,80.66
1151,80.64
1407,80.64
2434,80.64
2401,80.62
1347,80.6
2064,80.6
176,80.58
2185,80.58
790,80.56
1892,80.56
2356,80.56
2710,80.52
1131,80.52
1232,80.48
1984,80.48
1922,80.46000000000001
1626,80.44
874,80.42
110,80.42
667,80.42
2738,80.42
22,80.39999999999999
1960,80.3
2483,80.3
2352,80.28
1462,80.28
1468,80.24
2915,80.24
1055,80.22
1537,80.2
2394,80.14
628,80.12
571,80.1
2973,80.1
432,80.08
1056,80.06
588,80.06
2541,80.06
2979,80.06
2858,80.04
616,80.02
1092,79.98
1586,79.98
264,79.96
732,79.96
930,79.96
1547,79.92
2522,79.88
2727,79.88
2310,79.86
530,79.82
380,79.8
2510,79.78
889,79.78
2048,79.74
649,79.74
231,79.72
2701,79.7
304,79.7
2124,79.7
1121,79.64
965,79.64
363,79.64
1521,79.64
1362,79.62
2102,79.58
2097,79.58
2747,79.56
2650,79.5
253,79.48
1554,79.48
1712,79.46
1694,79.46
660,79.42
221,79.4
1944,79.38
1059,79.36
154,79.34
1820,79.34
1711,79.32000000000001
1839,79.3
953,79.28
1321,79.24
1223,79.24
829,79.22
1831,79.2
300,79.18
2748,79.17999999999999
603,79.17999999999999
1968,79.12
2943,79.04
640,79.0
331,79.0
898,79.0
1737,78.98
76,78.94
43,78.92
2743,78.92
1073,78.92
2046,78.92
2287,78.9
86,78.88
1591,78.88
421,78.86
1844,78.86
1290,78.84
2359,78.84
2927,78.82000000000001
25,78.8
2677,78.8
2680,78.8
1364,78.8
2152,78.8
514,78.78
1918,78.78
2976,78.78
918,78.78
720,78.74
2134,78.74
611,78.72
73,78.7
1041,78.66
1154,78.66
1672,78.62
1908,78.62
406,78.6
1415,78.58
1874,78.56
2417,78.53999999999999
722,78.53999999999999
1410,78.52
30,78.5
1006,78.5
179,78.5
2725,78.46
2678,78.44
2027,78.42
2363,78.42
468,78.42
540,78.4
2190,78.34
570,78.34
2942,78.34
252,78.34
2440,78.32
2509,78.32
41,78.26
2299,78.24
1796,78.22
551,78.18
709,78.14
2389,78.14
425,78.14
1069,78.14
568,78.12
2180,78.12
763,78.1
1703,78.1
1051,78.08
2294,78.06
1430,78.02
8,78.0
1504,77.96000000000001
250,77.96
2472,77.96
2781,77.92
1080,77.9
682,77.9
2267,77.89999999999999
1965,77.88
1988,77.86
699,77.84
2145,77.82000000000001
307,77.8
2409,77.8
1953,77.78
2199,77.76
1058,77.76
2312,77.74
2548,77.72
1561,77.72
1596,77.7
1490,77.68
990,77.68
1136,77.68
89,77.66
988,77.62
2216,77.6
66,77.6
1026,77.58
373,77.56
291,77.54
1322,77.52
2890,77.52
2631,77.5
1879,77.5
2397,77.48
2720,77.44
1220,77.42
1015,77.42
2895,77.38
24,77.36
1678,77.36
2728,77.36
2119,77.3
862,77.3
1399,77.28
2447,77.26
1337,77.24
1156,77.24
1903,77.22
2132,77.2
693,77.2
2809,77.18
2588,77.16
564,77.16
2113,77.14
2414,77.14
1813,77.12
2269,77.12
1826,77.1
453,77.06
1111,77.06
2796,77.04
2571,77.02
1945,77.02
2945,77.02
209,77.02
1301,77.02
2251,77.0
430,77.0
169,76.98
257,76.94
1719,76.94
1657,76.92
1919,76.9
285,76.89999999999999
1781,76.88
1890,76.88
775,76.86
2211,76.84
1597,76.84
2464,76.82
597,76.82
2795,76.78
756,76.74
2563,76.74
2857,76.74
1655,76.74
483,76.74
2161,76.72
2853,76.72
1447,76.7
2886,76.7
2975,76.68
245,76.68
1166,76.68
770,76.62
656,76.6
275,76.6
2215,76.58
1843,76.58
2281,76.56
417,76.56
710,76.54
2900,76.5
1643,76.5
537,76.44
2168,76.44
2547,76.44
1180,76.42
839,76.42
32,76.36
1157,76.36
1553,76.34
2715,76.34
686,76.34
745,76.34
217,76.34
1318,76.32
1406,76.32
2842,76.3
237,76.3
729,76.3
1979,76.28
2328,76.28
2558,76.22
2949,76.22
1608,76.2
374,76.2
1632,76.2
1298,76.2
2419,76.18
503,76.16
1894,76.14
2852,76.14
2941,76.14
1506,76.1
797,76.1
1713,76.08
2164,76.04
1577,76.03999999999999
1799,76.0
1548,75.98
1419,75.96
1339,75.94
2819,75.94
321,75.9
727,75.9
987,75.88
2844,75.86
396,75.84
1927,75.78
1744,75.78
533,75.78
812,75.75999999999999
1928,75.74
155,75.72
336,75.7
1915,75.7
2731,75.66
2002,75.66
2006,75.66
2083,75.64
963,75.64
1461,75.62
1540,75.62
1244,75.62
1616,75.58
1215,75.58
2700,75.54
2580,75.54
2151,75.53999999999999
680,75.53999999999999
194,75.52
2825,75.52
559,75.5
1957,75.46000000000001
87,75.46000000000001
1823,75.46000000000001
1620,75.46
2391,75.44
2279,75.44
2740,75.44
2025,75.42
1217,75.4
633,75.4
2912,75.4
241,75.36
1617,75.34
2737,75.34
1785,75.32
2499,75.28
1602,75.26
2906,75.26
1188,75.24
286,75.22
2526,75.22
2265,75.22
759,75.22
1940,75.2
1078,75.2
2334,75.2
2028,75.17999999999999
641,75.16
2033,75.14
2636,75.14
2561,75.12
112,75.12
2786,75.1
1378,75.08
1955,75.08
2040,75.08
422,75.08
356,75.06
128,75.06
1836,75.06
147,75.04
2444,75.04
730,75.03999999999999
2518,75.02
1798,75.02
1418,75.0
2181,75.0
2272,75.0
1137,75.0
850,75.0
941,74.98
876,74.98
2755,74.96
133,74.94
522,74.94
1421,74.9
878,74.88
853,74.88
260,74.86
7,74.86
1181,74.82000000000001
1467,74.82000000000001
879,74.8
2520,74.8
2343,74.78
2628,74.78
2413,74.76
2527,74.76
803,74.74
1236,74.7
724,74.7
345,74.68
1624,74.68
2840,74.66
2532,74.66
548,74.64
1609,74.64
1119,74.62
2037,74.62
788,74.6
2229,74.6
842,74.6
1997,74.58
960,74.5
2954,74.46
2065,74.46
2711,74.44
2247,74.42
1431,74.42
198,74.42
2085,74.4
821,74.38
523,74.38
948,74.36
2000,74.36
2060,74.32
2861,74.26
2556,74.26
2230,74.22
2841,74.2
2634,74.2
2935,74.2
2308,74.18
1062,74.18
2785,74.18
739,74.16
690,74.16
922,74.16
823,74.14
817,74.08
2231,74.08
438,74.06
1330,74.06
75,74.06
1328,74.04
2646,74.02
2771,74.02
2772,74.0
2067,73.96000000000001
460,73.94
2433,73.92
1206,73.88
978,73.88
1130,73.88
1959,73.84
2139,73.84
2448,73.82000000000001
1774,73.82
1522,73.8
1802,73.78
2577,73.76
1177,73.76
2632,73.74
2155,73.74
1033,73.7
2661,73.68
2994,73.68
414,73.68
2766,73.66
461,73.66
2670,73.66
1532,73.66
236,73.64
2805,73.64
1394,73.62
1122,73.62
1958,73.6
108,73.58
2422,73.56
1104,73.54
644,73.5
2719,73.48
2782,73.47999999999999
1024,73.42
2441,73.42
36,73.42
1842,73.42
2578,73.42
606,73.4
477,73.4
2586,73.38
2217,73.36
1184,73.34
851,73.32000000000001
2326,73.32
1860,73.32
1366,73.3
2061,73.3
534,73.28
1932,73.26
2238,73.24000000000001
2995,73.24
2622,73.22
1179,73.22
1045,73.22
2387,73.22
2309,73.2
2469,73.18
825,73.16
646,73.14
1256,73.12
733,73.04
173,73.04
2835,73.04
2127,73.02
1807,73.0
700,72.96000000000001
1731,72.96
896,72.94
23,72.9
2250,72.9
1239,72.9
1735,72.86
318,72.86
187,72.86
316,72.82
792,72.8
1216,72.78
1143,72.74
1543,72.74
168,72.72
2090,72.72
1701,72.72
1560,72.7
1728,72.58
924,72.58
2880,72.56
1920,72.54
2399,72.52
1676,72.5
1201,72.5
2098,72.48
116,72.48
135,72.46
1651,72.42
1209,72.42
607,72.38
2593,72.38
458,72.36
403,72.34
1951,72.32
819,72.3
99,72.28
1917,72.28
1370,72.24
760,72.22
2823,72.2
265,72.18
585,72.16
2255,72.14
1433,72.12
193,72.12
2867,72.12
282,72.1
156,72.1
1020,72.08
779,72.08
849,72.06
2101,72.02
706,72.0
145,71.92
2488,71.9
2984,71.88
1014,71.88
2477,71.88
992,71.86
278,71.82
2800,71.82
1219,71.8
1367,71.76
225,71.76
2050,71.74
2981,71.74
863,71.72
139,71.72
2458,71.7
2225,71.7
1551,71.68
2891,71.68
961,71.67999999999999
1838,71.66
504,71.66
1030,71.66
58,71.64
2368,71.6
1628,71.58
420,71.58
2769,71.58
2383,71.56
175,71.54
2603,71.54
452,71.53999999999999
2337,71.5
2953,71.48
1401,71.46000000000001
2045,71.46
1619,71.46
299,71.44
2749,71.42
2596,71.42
2921,71.4
1487,71.4
1470,71.38
439,71.38
1035,71.38
1320,71.36
201,71.34
1905,71.32
1117,71.3
2576,71.3
2263,71.26
929,71.26
11,71.24
2286,71.24
695,71.22
2120,71.22
2111,71.2
294,71.2
1293,71.2
1906,71.16
944,71.14
2039,71.14
1585,71.14
715,71.14
2657,71.11999999999999
1210,71.08
1029,71.08
2465,71.08
418,71.08
2688,71.06
962,71.0
1740,71.0
287,70.98
1440,70.94
1383,70.92
1871,70.88
685,70.88
2940,70.86
1851,70.86
1760,70.86
1664,70.82
778,70.8
78,70.8
2214,70.78
2557,70.76
909,70.76
2386,70.74
1289,70.74
1741,70.74
993,70.72
837,70.68
1105,70.67999999999999
871,70.67999999999999
490,70.62
865,70.62
440,70.62
899,70.62
613,70.6
1717,70.6
2569,70.58
1614,70.56
1753,70.56
1325,70.54
824,70.54
2072,70.52
429,70.52
378,70.48
2934,70.48
85,70.48
1285,70.46
2999,70.46
2908,70.44
1233,70.44
428,70.4
2369,70.38
2676,70.36
371,70.36
1248,70.34
1768,70.32000000000001
218,70.32000000000001
411,70.22
2708,70.2
1082,70.2
319,70.18
1050,70.17999999999999
2744,70.16
2750,70.16
2327,70.14
2212,70.14
2504,70.14
575,70.12
502,70.1
1822,70.1
1870,70.06
1109,70.04
1579,70.0
2637,70.0
42,69.98
678,69.96
1523,69.92
1794,69.9
1733,69.9
388,69.86
379,69.86
1204,69.84
1525,69.82000000000001
2875,69.8
2055,69.8
410,69.78
586,69.76
2179,69.7
1867,69.68
355,69.67999999999999
810,69.66
1084,69.66
367,69.6
1962,69.58
2718,69.58
2470,69.52
1936,69.5
2567,69.5
482,69.48
1478,69.42
1456,69.4
2546,69.38
2865,69.38
2734,69.38
955,69.36
970,69.36
2647,69.34
2013,69.32
1115,69.32
1948,69.3
1937,69.28
2332,69.22
1458,69.22
671,69.22
2827,69.17999999999999
1677,69.16
451,69.16
668,69.14
33,69.14
1411,69.12
2770,69.1
714,69.1
604,69.1
866,69.1
1660,69.08
2662,69.06
2898,69.06
2735,69.03999999999999
2652,69.0
1152,69.0
2331,68.98
2082,68.98
2008,68.98
2056,68.98
365,68.98
2553,68.96
215,68.96
13,68.94
1916,68.94
2365,68.86
199,68.82000000000001
2828,68.78
991,68.78
2276,68.78
1692,68.72
734,68.72
1369,68.7
442,68.62
48,68.62
2824,68.6
995,68.6
499,68.58
1492,68.58
1821,68.54
1511,68.53999999999999
1076,68.53999999999999
1809,68.52
409,68.5
2121,68.48
1642,68.48
923,68.48
2793,68.46000000000001
1211,68.46
1388,68.46
591,68.46
1334,68.46
928,68.42
2087,68.4
2792,68.38
2473,68.38
292,68.38
267,68.38
1435,68.38
1192,68.38
2009,68.32000000000001
1946,68.32
1862,68.32
2457,68.3
223,68.28
2296,68.24
716,68.24
2407,68.24
589,68.24
2323,68.2
1268,68.18
2474,68.16
59,68.16
1348,68.16
800,68.12
344,68.12
2137,68.08
1981,68.08
2752,68.08
2105,68.08
2371,68.06
2986,68.0
2923,68.0
2311,68.0
838,67.98
2194,67.98
1491,67.96000000000001
933,67.94
605,67.92
2653,67.88
1704,67.88
143,67.86
496,67.82
1254,67.8
456,67.76
2232,67.74
2361,67.74
2079,67.72
1752,67.7
2712,67.68
2133,67.66
749,67.58
2454,67.52
1795,67.5
2301,67.48
2404,67.46000000000001
1228,67.42
1881,67.4
914,67.38
2402,67.38
748,67.38
1306,67.32
1090,67.3
1898,67.26
1697,67.26
1393,67.26
312,67.24
2446,67.22
1725,67.2
2551,67.14
2156,67.14
836,67.14
1667,67.08
511,67.08
2831,67.06
57,67.02
1098,67.02
81,67.0
2237,67.0
189,66.96000000000001
1001,66.9
783,66.9
582,66.84
2110,66.82000000000001
136,66.82000000000001
1613,66.82
2686,66.82
101,66.78
2505,66.74000000000001
1332,66.72
1253,66.72
1578,66.7
2573,66.7
1311,66.7
631,66.68
1853,66.68
1856,66.67999999999999
1872,66.64
652,66.62
1079,66.6
2392,66.6
2626,66.52
2656,66.52
224,66.48
776,66.48
2388,66.48
122,66.46
1375,66.44
246,66.42
1787,66.42
486,66.38
2285,66.34
814,66.34
1075,66.3
1008,66.3
643,66.3
2733,66.28
1112,66.28
2233,66.26
1307,66.24000000000001
2062,66.17999999999999
1524,66.12
2638,66.1
735,66.08
1044,66.06
489,66.03999999999999
723,66.02
683,66.0
1396,65.96
1501,65.96
1250,65.92
648,65.86
2471,65.86
1565,65.86
1124,65.86
254,65.72
2797,65.68
536,65.68
178,65.66
348,65.62
1512,65.56
2498,65.56
1574,65.56
2274,65.52
2575,65.52
2403,65.48
2902,65.48
109,65.48
102,65.48
44,65.42
1448,65.42
435,65.42
1947,65.38
2338,65.34
2116,65.34
1646,65.32
1693,65.3
979,65.3
14,65.28
2384,65.28
229,65.26
2095,65.24
1593,65.2
132,65.2
2955,65.18
497,65.18
2960,65.17999999999999
2515,65.14
1633,65.14
2260,65.12
2946,65.08
2462,65.06
347,65.06
1282,65.03999999999999
2739,65.03999999999999
1123,65.03999999999999
2868,65.0
268,64.96000000000001
2506,64.96
938,64.96
1724,64.9
1723,64.9
214,64.82
2197,64.8
1682,64.78
2869,64.78
2372,64.78
1313,64.76
2815,64.74
327,64.7
1763,64.7
2964,64.68
2741,64.68
2240,64.66
1314,64.64
2014,64.6
1191,64.6
2437,64.58
2519,64.58
445,64.56
1013,64.56
1405,64.52
1934,64.52
2206,64.52
2756,64.5
2032,64.44
1265,64.42
2892,64.38
2243,64.38
2177,64.34
2537,64.34
1126,64.32000000000001
1038,64.24
2035,64.22
2052,64.2
1454,64.18
612,64.16
2290,64.10000000000001
601,64.08
2411,64.02
1349,63.980000000000004
1011,63.98
539,63.94
1674,63.94
2196,63.94
1845,63.88
2878,63.88
2492,63.88
210,63.84
1507,63.8
491,63.8
1283,63.76
1904,63.72
773,63.7
2808,63.66
64,63.6
2398,63.6
908,63.599999999999994
251,63.58
394,63.58
1961,63.58
1990,63.56
1034,63.54
2317,63.52
679,63.52
29,63.519999999999996
985,63.5
1022,63.48
1736,63.44
977,63.44
247,63.44
2022,63.4
813,63.36
2020,63.34
1772,63.339999999999996
2316,63.3
777,63.3
789,63.28
2131,63.28
673,63.26
1925,63.26
115,63.26
283,63.24
927,63.18
470,63.18
1834,63.160000000000004
2342,63.160000000000004
2604,63.16
141,63.120000000000005
774,63.12
1053,63.08
1273,63.08
2523,63.06
1500,63.04
359,63.04
1631,63.02
1351,62.98
2468,62.94
2360,62.8
2351,62.739999999999995
1480,62.72
831,62.7
1140,62.660000000000004
554,62.6
2529,62.54
2507,62.54
1446,62.54
1417,62.5
895,62.480000000000004
2460,62.38
2160,62.38
1510,62.34
802,62.26
1976,62.239999999999995
2602,62.199999999999996
934,62.18
2063,62.18
1358,62.14
543,62.1
2764,62.08
2713,62.08
1726,62.0
905,62.0
1893,62.0
867,61.98
1782,61.88
2430,61.86
4,61.800000000000004
1974,61.8
1021,61.78
1888,61.76
634,61.72
2340,61.62
626,61.6
1420,61.6
2559,61.58
827,61.58
713,61.56
1305,61.54
1985,61.54
526,61.52
238,61.52
1747,61.52
968,61.52
971,61.519999999999996
861,61.48
1374,61.4
50,61.4
2736,61.379999999999995
142,61.34
2910,61.32
262,61.32
2490,61.32
2565,61.28
1252,61.26
2001,61.24
738,61.22
2080,61.22
2074,61.16
510,61.12
1952,61.12
2959,61.1
904,61.1
255,61.1
1880,61.08
919,61.06
1727,61.06
72,61.06
751,61.04
2208,60.92
2775,60.9
243,60.9
2881,60.88
2655,60.86
657,60.84
391,60.84
478,60.84
1072,60.72
1350,60.72
2777,60.68
1663,60.68
2503,60.66
1127,60.66
463,60.56
2073,60.54
281,60.48
2034,60.46
2884,60.4
2691,60.4
1017,60.4
130,60.38
2400,60.300000000000004
807,60.3
1397,60.28
2570,60.26
1274,60.24
2149,60.199999999999996
79,60.14
426,60.14
52,60.120000000000005
578,60.08
608,60.06
1899,60.04
892,60.04
2057,60.019999999999996
249,60.0
1189,59.98
1037,59.96
476,59.92
1638,59.88
1590,59.84
366,59.800000000000004
2283,59.78
1581,59.76
609,59.74
666,59.699999999999996
2068,59.660000000000004
1272,59.64
55,59.64
954,59.62
2836,59.6
311,59.56
1858,59.5
1260,59.46
1684,59.46
1438,59.44
1208,59.44
1463,59.4
2876,59.4
2432,59.38
2671,59.38
936,59.34
1027,59.28
1267,59.28
1475,59.26
2962,59.24
227,59.22
702,59.14
1240,59.14
651,59.12
860,59.08
1183,59.08
2172,59.06
1070,59.04
2026,58.94
1833,58.92
2220,58.86
703,58.86
1429,58.86
1991,58.82
2669,58.760000000000005
1645,58.64
323,58.620000000000005
1466,58.54
593,58.54
481,58.480000000000004
2089,58.48
1319,58.48
2189,58.48
1476,58.46
2968,58.46
441,58.42
2140,58.4
446,58.38
1718,58.24
1755,58.22
580,58.2
1743,58.12
1757,58.1
2451,58.1
726,58.019999999999996
1681,57.92
1788,57.88
1294,57.82
2947,57.82
743,57.8
2987,57.8
1878,57.8
1797,57.78
1756,57.74
1116,57.72
2221,57.66
1074,57.64
1575,57.64
2998,57.62
2574,57.56
2639,57.54
1690,57.54
1247,57.54
663,57.52
335,57.52
1964,57.46
2904,57.42
196,57.4
2879,57.379999999999995
2429,57.24
2463,57.24
1530,57.2
2918,57.18
1659,57.160000000000004
1599,57.14
2084,57.14
2909,57.08
21,57.08
177,57.06
684,57.02
2223,57.0
239,56.96
404,56.9
1004,56.86
320,56.86
1861,56.82
1715,56.82
2122,56.82
584,56.76
538,56.74
1161,56.72
2513,56.72
2601,56.6
1996,56.6
945,56.52
2218,56.5
1829,56.480000000000004
762,56.46
1147,56.46
2649,56.4
230,56.36
337,56.32
123,56.32
1568,56.239999999999995
635,56.22
2096,56.2
2589,56.2
1416,56.120000000000005
2816,56.04
1197,56.02
1621,56.02
787,56.0
1806,56.0
1160,55.9
274,55.86
1557,55.84
170,55.76
2672,55.74
1382,55.7
2714,55.68
2552,55.68
664,55.64
840,55.599999999999994
1324,55.54
1828,55.54
1635,55.519999999999996
376,55.5
757,55.480000000000004
1859,55.44
1567,55.4
2117,55.36
1171,55.26
705,55.2
1377,55.16
1263,55.16
56,55.08
131,55.08
1266,55.04
1251,55.04
885,55.02
354,55.019999999999996
801,54.96
1931,54.96
2420,54.94
2624,54.86
2366,54.82
1323,54.8
572,54.8
1292,54.76
687,54.76
393,54.64
2396,54.620000000000005
506,54.62
1086,54.6
1914,54.6
126,54.46
1195,54.44
2154,54.44
1634,54.42
84,54.32
1065,54.32
546,54.260000000000005
1327,54.24
1165,54.22
740,54.22
2358,54.18
1909,54.120000000000005
765,54.12
675,54.06
1662,54.04
322,53.92
1096,53.92
2376,53.86
63,53.8
472,53.78
1039,53.78
532,53.76
2685,53.660000000000004
1863,53.58
1544,53.56
846,53.56
1450,53.54
2128,53.480000000000004
385,53.480000000000004
2228,53.48
2481,53.46
83,53.44
1528,53.42
621,53.3
912,53.24
1010,53.14
1009,53.14
1485,53.120000000000005
2804,53.12
1987,53.06
2182,53.04
1983,52.980000000000004
1535,52.92
1291,52.92
51,52.86
1559,52.8
2956,52.8
1132,52.78
1310,52.76
697,52.76
436,52.7
2542,52.54
1214,52.5
273,52.32
2053,52.300000000000004
1101,52.24
855,52.24
1168,52.22
15,52.2
188,52.2
2707,52.12
1381,52.02
1766,52.02
1855,52.019999999999996
2166,51.980000000000004
1442,51.92
2183,51.8
16,51.8
357,51.8
692,51.76
1700,51.74
793,51.74
1067,51.68
2807,51.66
852,51.62
2849,51.58
2415,51.52
1825,51.519999999999996
799,51.5
1791,51.48
95,51.42
2452,51.379999999999995
1739,51.36
1647,51.26
368,51.24
2270,51.22
1956,51.22
1549,51.12
419,51.02
1414,51.019999999999996
444,50.92
1148,50.9
969,50.72
1539,50.7
2568,50.7
2455,50.6
401,50.54
2093,50.5
2972,50.480000000000004
2758,50.4
1280,50.36
622,50.300000000000004
261,50.28
2005,50.22
362,50.18
475,50.18
1270,50.18
124,49.92
2357,49.9
1517,49.88
2598,49.88
1746,49.84
2348,49.84
717,49.76
2988,49.72
1110,49.64
1371,49.42
562,49.38
1439,49.22
1698,49.22
2381,49.1
2141,49.08
2821,48.980000000000004
1669,48.98
1395,48.94
1695,48.92
1503,48.86
2931,48.66
2198,48.64
556,48.379999999999995
1457,48.36
795,48.36
1827,48.36
2408,48.22
117,48.22
975,48.08
998,47.94
2928,47.86
2665,47.379999999999995
1142,47.339999999999996
1533,47.28
1773,47.26
1942,47.2
2318,47.160000000000004
1113,47.14
798,47.14
1604,47.08
1198,47.08
1699,47.04
1083,47.02
266,46.96
2100,46.88
707,46.8
2645,46.72
369,46.68
1295,46.56
1622,46.32
1155,46.32
1159,46.24
1573,46.14
1262,46.06
353,45.9
752,45.9
437,45.82
2435,45.660000000000004
1824,45.52
242,45.36
2873,45.339999999999996
146,45.3
1665,45.24
1357,45.18
2658,44.98
1494,44.94
1071,44.78
2846,44.74
1771,44.56
2349,44.4
728,44.2
1967,43.78
1734,43.74
118,43.5
330,43.480000000000004
301,43.28
2663,43.22
2266,43.12
2648,42.82
2495,42.76
1589,42.74
796,42.519999999999996
149,42.519999999999996
967,42.4
1409,42.16
9,41.980000000000004
464,41.94
186,41.82
381,41.58
1935,41.44
822,41.24
114,41.14
34,40.76
270,40.66
2618,40.6
1054,40.54
594,40.42
1895,40.2
1046,39.92
2138,39.480000000000004
1275,39.4
541,39.08
2410,38.82
1425,38.76
2856,38.58
2779,38.46
2167,38.14
1299,36.76
2418,36.66
2717,36.52
521,36.44
2030,36.32
1764,36.2
2162,36.2
2540,35.9
1673,35.8
1355,35.480000000000004
2248,34.26
1751,33.02
2822,32.82
659,29.9
69,29.459999999999997
1652,27.38
943,23.02
