reel_id,time_weighted_score
2549,150.79398480738257
1060,148.66173639848168
2621,141.11226812646393
674,139.93366116587177
1464,136.85530280618158
2851,135.53297571005996
1729,135.52778899950377
465,133.57799960828527
1848,133.37159975155015
2278,133.11132077219162
1036,133.01733053956974
280,132.8964770874415
182,132.2250715623531
2693,132.0146189989297
1434,131.6567700642387
125,131.0993071339858
387,129.75092450398373
2092,129.62176148153026
2364,129.15543389026607
1315,128.903938623935
1705,128.04625807040227
2726,127.95247367809168
1759,127.5218673920229
1708,126.93937224731687
2654,126.85306449672277
1644,126.35010089567841
670,125.83905052684267
1541,125.3000089122139
921,125.05791885760102
2118,124.96244307882804
2689,124.4878275371954
583,123.50991280935006
1508,123.42270234802567
202,123.186689922199
2158,123.0934520541061
12,122.39003156436087
234,122.22803811650206
542,122.08911229573258
2625,122.06304835863097
138,121.9934162683761
1279,121.9265698552733
1803,121.2620467694843
332,121.22888067277046
1801,120.84149649144435
2493,120.28489409311874
902,120.15182896561856
1552,119.97943458993649
226,119.935816818291
2611,119.83289038232711
2126,119.77895806381758
5,119.76723071105333
942,119.36021177574949
2416,119.267407731303
731,119.1424536143717
1686,119.13031244716363
1884,119.12384924187332
2282,118.91507995596298
746,118.47461283713643
1343,118.25843909054574
195,117.93841505588007
2859,117.89084681791184
74,117.65877841355575
2839,117.62985753477412
498,117.24544877569177
1769,117.23609017738403
2888,116.92622279067763
2751,116.80037617937928
1064,116.761092204262
1629,116.5987212874829
2783,116.52216321677952
856,116.48909176154501
1488,116.45711666381477
1973,116.42375802467075
1998,116.2860924508672
1465,116.27383226044954
766,116.27184317374056
2924,115.82742415830378
2698,115.72987918745807
144,115.65376951005882
859,115.49196642831657
2010,115.47929621783116
1993,115.38660610331802
2566,115.38608879223153
2476,115.26658471908664
1242,115.22777758596867
2633,115.18762778900847
1897,115.01814416583501
917,115.0122477906894
1224,114.69042054153898
2253,114.47756568754767
1003,114.40488288131965
1814,114.21919024517457
784,113.75991865792304
1738,113.44324718009318
913,113.29653309556939
1649,113.13666925769182
1623,112.91159181247393
2153,112.86297342672701
2630,112.49913844531007
1451,112.31857379168699
1129,112.21627106861547
2302,111.98051492575492
2790,111.85175356137988
1182,111.83506101667577
2591,111.56132675684333
815,111.51664430607214
455,111.14630798654876
1353,111.14490931017092
1992,111.11360119241277
248,111.02218000151974
1603,110.94450322274696
1426,110.93183412996123
2848,110.93005860660875
973,110.8439399105869
2412,110.7531189416681
358,110.71105656993412
528,110.57372103503651
308,110.55247031762075
2295,110.53211798908254
2280,110.4766725406522
2144,110.40445096314573
1883,110.25674722714952
2395,110.22209684395868
2917,110.2012562705351
2382,110.14621296867954
2820,110.0016797912606
1640,109.95497747877369
1866,109.83959961140297
160,109.83625178330644
2607,109.83624619903917
2674,109.79092804855642
416,109.78988214616368
80,109.77537288045916
661,109.66721286731268
2832,109.65401548435247
1689,109.52286468659301
415,109.499332770178
877,109.49160878015041
161,109.47303560493256
2313,109.45993905248868
545,109.38680441944766
2,109.29200240889783
1792,109.0837986497381
1384,109.03017694866674
157,109.02827754326772
2545,109.0155372799956
2257,108.98483590529597
1709,108.95469801480873
2258,108.86698583891669
2560,108.84964456030656
2745,108.81933091615423
711,108.75425274165484
1636,108.73986779222128
1145,108.7083365880765
2948,108.52676714827405
2944,108.50469180271072
1385,108.5045604019191
574,108.4635232483418
982,108.44830466661244
2264,108.44301575836748
2759,108.43836921335446
1610,108.4345703578174
2367,108.29725460983272
1515,108.27000495226152
1194,108.22062178072507
576,107.89087555943078
870,107.74842001301319
1068,107.70133170979133
809,107.54401828691698
2901,107.51230551029595
1762,107.33340015392903
925,107.32247836647292
742,107.25616355736793
600,107.1997486126244
694,107.16554182620978
166,107.07976460282202
2088,107.01608730423344
372,106.96832514280892
120,106.91351462083021
400,106.85043397183487
2814,106.82766710520882
2894,106.7979543346408
1885,106.7286863709894
360,106.64781257864472
1840,106.57858615858778
298,106.26718387851975
1379,106.26698875465692
681,106.14148503966075
386,106.12257115173149
768,105.80579225159953
1810,105.68681371806625
2776,105.65960981920836
106,105.61009930144245
2254,105.6046260275634
2173,105.50926078348121
1675,105.45801338451331
772,105.44924644761664
1340,105.44358197246271
1363,105.41666731359294
2291,105.35320146357532
2896,105.34300914446005
2482,105.34052730929817
1995,105.28958033546698
761,105.28670808335566
847,105.20972781042614
1097,105.1800519666913
167,105.17052570741872
2930,105.14500638118818
2675,105.11534368133235
1754,105.01280469607914
884,104.7174666886611
1950,104.69216359691733
1933,104.65375019094154
1243,104.64786560446022
1963,104.64138588676204
2157,104.61832404975564
736,104.58565142246593
174,104.53639708162486
881,104.53131639619404
1202,104.48331208347258
677,104.30884512196785
544,104.27586281696333
1913,104.10717236630374
2673,104.06980817510286
893,104.0526965832944
2261,104.02464586272608
350,104.0028654592337
1120,104.00138228246475
462,103.73768236225855
2320,103.63803838899032
1576,103.54965331317447
1106,103.41104667431293
2608,103.35555508857777
1818,103.33438189336272
1146,103.17653978873321
1977,103.14055305845714
1057,103.12580814990281
1912,103.04204877170329
2961,103.02671685585454
2907,103.00213871896122
2341,102.9628258385036
1886,102.89189039979992
1555,102.7233455346603
868,102.71802030006663
2379,102.71278176779182
704,102.65826846397718
2627,102.61150826345167
1691,102.60095762892658
946,102.5951171190854
2043,102.54727236329154
2722,102.52513336604139
1186,102.5145929791012
2306,102.50731884568869
672,102.50094452380695
805,102.4497837898296
1061,102.4117172591032
639,102.4048084783987
2837,102.38145422204742
2425,102.36499959939296
297,102.30701334385529
2044,102.29423468235706
1911,102.25056357349247
2893,102.18271033627337
1876,102.07430286070048
2687,102.04232811291918
423,102.02423383328794
886,101.97128229152608
1538,101.93989732948317
105,101.8168316630024
999,101.72602212832106
2439,101.70482848161454
897,101.68295988861323
1605,101.6630951865053
2996,101.58272887231205
873,101.46376551511784
17,101.43957557657629
753,101.41584442639801
579,101.40116097159702
1670,101.39538646176862
531,101.38844769351707
1087,101.29069706076497
479,101.27848265647029
2114,101.27159652753309
2595,101.18527615485146
334,101.14137022467742
655,101.1303111016584
2843,101.12281207180555
271,101.01060791373773
2817,100.89738234853527
566,100.8907561632786
2344,100.85962464660858
737,100.84180341152921
49,100.81307063022427
54,100.80359906741532
180,100.79377611807084
2423,100.7346481947306
2826,100.72640641059955
1218,100.65560818234897
816,100.56570817205022
1941,100.52441579686872
2459,100.46164336802593
197,100.45138478610151
2991,100.36714629438315
2582,100.28431265731487
1428,100.25803556722434
1264,100.23600692421662
2965,100.19218719263709
2619,100.18432452533476
2850,100.13862796457384
2784,100.10520964416581
19,100.09209079880408
2768,99.99474517849288
1205,99.98246925755495
875,99.92603562699951
804,99.85062096261537
39,99.83685447284812
2103,99.78551748340804
1284,99.78389638345855
2703,99.7736961663732
2143,99.76804188307113
1531,99.73821437754374
2581,99.73216076835661
2484,99.67015757225035
1436,99.65933079279323
1308,99.52434323087778
2798,99.52078776856091
129,99.34428885738143
1368,99.25692216156072
2241,99.23151343970261
1479,99.19146576354406
1173,99.16020887605643
1749,99.12655831925
563,99.0567128093607
2871,99.04416667445948
587,99.03916649701618
747,99.01115007004877
341,98.99731044713573
1846,98.97856802222377
377,98.97674834684493
1387,98.90353934684042
1969,98.84199723913575
1229,98.80746988346745
1484,98.6567690636346
296,98.65406207408448
887,98.6264101063482
2031,98.59439742873124
2256,98.5726819181968
2969,98.55348562786337
2176,98.43306847807328
2007,98.42977320097916
1452,98.37676879286005
2620,98.37205648494299
2985,98.24079760664415
1572,98.23832249717725
1556,98.23031199324802
1514,98.17059666708066
2554,98.16825367939836
1278,98.13759761240094
77,98.13629554620009
647,98.13588048500861
2224,98.07324019272261
1360,98.06315273766981
1352,98.01403417130228
2443,98.0071331027616
469,97.95869149188263
2761,97.95867294921736
994,97.94797414135604
2600,97.93665076264917
2355,97.92802465876407
966,97.88230358823004
1176,97.87736326486468
1335,97.87308366341327
1745,97.82309167572723
119,97.78614653016446
2579,97.75744849445024
364,97.7387492137778
2319,97.70192764943685
2854,97.62387661497318
1650,97.60591927745068
2292,97.54490205827946
1028,97.5323286926576
2115,97.52582733335004
98,97.51120799418904
2635,97.49319466018422
2903,97.47426564782168
2347,97.45877823128534
2284,97.41584511726987
854,97.40088145881384
27,97.37602751872038
2572,97.36333110441488
2354,97.3123009949514
127,97.29873503322406
2329,97.28964346101917
2195,97.27631208859913
375,97.25974294870521
2049,97.23715205946876
2303,97.22345622444931
62,97.14014129664703
1258,97.10539604799607
68,97.05852913612188
2262,97.03851895391878
2081,96.96036437298109
1864,96.95231152713997
1641,96.94906354911099
2321,96.94370861709118
1722,96.91969709320708
1926,96.86116080972646
203,96.80124596099569
159,96.79805995560531
2345,96.72975769780767
1190,96.69483030326546
1994,96.62605526026758
986,96.62312100079056
1237,96.59462964853603
2543,96.56908125305657
111,96.55259926809516
569,96.53013693757113
466,96.50794950076968
558,96.5059566270434
1832,96.42964148627888
340,96.40222090593886
2275,96.40068465324516
2562,96.30380775882401
1811,96.2947636044225
20,96.27379639706352
2763,96.21268589619196
1601,96.20132356594054
288,96.19992109914642
2729,96.1663984838547
1474,96.09214485179308
1618,96.0330450757767
1852,96.00780853896953
2094,95.95752381700802
1018,95.95665765372084
279,95.94528014279842
1329,95.88523756492656
1658,95.82331178377414
507,95.81371749996997
2794,95.78378859134033
103,95.75619107821565
1402,95.74766905047755
2925,95.6891339069992
1875,95.67655331079082
94,95.65714831212
2109,95.6461713802539
1776,95.61865397162103
2818,95.56609154300041
2174,95.55649015945195
525,95.55424754671274
2011,95.55315009549967
1835,95.45152330670064
2304,95.44431751966682
1849,95.41509227636276
2029,95.32605323570152
488,95.29423795591451
1910,95.12320276003966
2246,95.12205029805945
1163,95.08811883104015
1227,95.05641964445321
1710,95.02593267261662
2803,95.00097481243668
2967,94.97964647641065
2038,94.95475102741753
1449,94.886259131922
2616,94.88023828618479
207,94.86032303297738
1102,94.83059737688319
1775,94.75055765020764
2615,94.7314002378682
1472,94.72592296018101
339,94.72375443103215
956,94.71703399098017
2812,94.6916075515444
2860,94.6655376520387
407,94.64451312235309
983,94.63950576451059
2788,94.6179584070439
45,94.6106294405867
627,94.47444856289184
1203,94.45501865207795
1666,94.41690479909678
405,94.40152794612722
2512,94.38344480764151
2952,94.37763979559244
2091,94.37351243142169
1891,94.36457792764372
1286,94.33129598495202
1114,94.29397740757727
1496,94.29128342696148
1564,94.28288306877917
2012,94.26797536906864
2336,94.14641869058593
2277,94.13480610826807
2054,94.12106792708799
1445,94.10437976556636
1005,94.07511004964248
2500,94.05607864130417
2668,94.0503950331363
211,94.01319073753434
1012,93.98943878472232
1316,93.94598251134228
1341,93.91184081988753
1040,93.86838286185028
1513,93.85077464897722
1312,93.82002566550186
1907,93.81575312408083
450,93.75259539120708
1999,93.72424156360675
46,93.67554855444257
2377,93.67364368877348
2249,93.64782324172208
2640,93.63367116225075
2919,93.6235900524226
808,93.60599174412839
2517,93.5949628139886
2882,93.58131772633887
2694,93.56913905956621
1972,93.56799615540089
1550,93.49341023671822
2810,93.45991169877482
844,93.45436541791351
2980,93.43204867857118
1587,93.42953812953762
2521,93.36814336115896
2178,93.28832319607845
2791,93.26219595685717
2679,93.2523983264369
2696,93.20494301289116
2590,93.16444415601632
2789,93.15932946284858
1077,93.15070317228947
984,93.1110415172995
1482,93.11073584531859
1032,93.0869937658033
2107,93.0648986093063
459,93.05303045574931
67,93.00431052365195
2485,92.96415339799626
1296,92.94100689486166
2066,92.92069547002383
2629,92.91730029214071
791,92.88269604115489
1091,92.8418631485158
2219,92.76434743954496
974,92.69683968093861
448,92.66772056753058
654,92.63758863773158
2421,92.62577741162103
1696,92.62066140898169
2929,92.50288057455619
1048,92.48518254066457
200,92.46611299587119
595,92.45883062724417
259,92.44054355823077
750,92.43107324069764
2641,92.42219990367504
2023,92.39916779432502
1460,92.30866762831857
2514,92.2945532678465
2489,92.23982734571982
598,92.22253056031445
150,92.2194685694857
240,92.2099568735646
151,92.1520197742475
2802,92.14346040362373
557,92.10236484914533
872,92.03823713701095
2289,92.00613897094004
2350,91.96654604356361
2406,91.9476270306145
2544,91.93686988909423
1900,91.93243967946273
1519,91.93072083355007
181,91.92846382646849
1170,91.92190279985223
1172,91.90657954455656
2684,91.88991365158188
1966,91.87124048675838
134,91.85788208742224
2834,91.82553010695123
2533,91.81325340613638
1770,91.74433350840599
1954,91.71398134442147
1412,91.67601840311002
848,91.55128644899423
1529,91.53780432308109
2373,91.5270021044107
2754,91.52098234456764
1901,91.51416557047105
434,91.48588195644835
2950,91.40845314003427
888,91.38946351106787
165,91.32600426255217
662,91.32456051763027
1748,91.3137579420734
349,91.31320837890944
1606,91.2940077030529
1049,91.27861593300985
1615,91.27382444787595
2188,91.24785452858316
2933,91.21978028632932
2273,91.2180763625065
996,91.2072758434868
1361,91.19346717276973
2926,91.1518502675945
313,91.12261040037471
744,91.12259151838818
2508,91.12144983509837
1786,91.10378305104234
780,91.09275999126166
1702,91.06918223820833
721,91.04872943382128
2958,91.03401889027393
2315,91.02918313640097
926,91.02249961936242
688,90.99848903423582
93,90.95481890876376
771,90.922181957917
920,90.89733848331709
2362,90.875593943957
1854,90.83264134683064
1793,90.79776778320651
565,90.77581448879644
1200,90.77361066016395
2905,90.75490494666938
939,90.7408084773897
2870,90.73044047720671
2467,90.6915000269133
1326,90.67195406634427
1047,90.64544475309837
26,90.62489776272608
2939,90.61875602401284
1153,90.6026384816898
1790,90.5835278849196
555,90.58309132278852
2516,90.5827363798315
1042,90.57700608579576
2780,90.56655187795316
235,90.56557672769746
2732,90.47626600317648
2609,90.42555043444234
1816,90.35214299649205
2778,90.31438349785302
2605,90.30850863771435
2760,90.29337168051973
397,90.26331916287235
457,90.23625873803398
2705,90.20503505182542
758,90.19727876387583
2112,90.14131266006197
467,90.14092909495227
1007,90.13263157762565
1,90.08851342575196
1978,90.08377444027386
1527,90.07362663521897
2642,90.02829885008168
392,90.0250871071786
163,89.99096133139645
71,89.9674597838911
172,89.92053606309999
2130,89.91586074080088
2227,89.86504379816157
513,89.82153136368194
614,89.81966211995757
2690,89.790395502301
2205,89.7765228476123
2864,89.76429328579184
2899,89.74576754120467
900,89.72351675168628
615,89.71908332582225
1986,89.69763501088028
2721,89.67877339721642
520,89.65184932890284
2207,89.64743653419728
997,89.59495429566198
1598,89.59383636833286
2200,89.58921090282367
642,89.57468956067856
412,89.51696818575921
1444,89.50453879614814
1246,89.46227303745025
2187,89.45432098048977
2913,89.437426476792
624,89.4334364652427
192,89.41834578659346
352,89.41526404132557
183,89.41383049274184
561,89.40309770148116
1469,89.39550017844739
1016,89.39141173013876
529,89.37465937242047
1865,89.33448658731747
2370,89.27352106541979
1497,89.27303890407207
2478,89.26729621204503
1437,89.2467419244315
2610,89.24302974922165
989,89.2223730936031
834,89.21243738544308
1259,89.21085277653367
2191,89.1169654913575
1627,89.06934539190691
1174,89.06271196542595
869,89.0556257006714
1424,89.00759690332578
1031,89.0019804882121
2136,88.99155120319314
1297,88.98413426483317
590,88.92866067123266
1052,88.86718665569393
1929,88.86584187083382
35,88.85803562778489
2592,88.8424996146812
206,88.82856277372615
213,88.82684442185578
1303,88.82301460467586
2147,88.77660012169105
1423,88.76747529308433
515,88.71231211673717
284,88.70861951153002
1356,88.70840920957004
2086,88.64697237380042
637,88.60506674398103
2801,88.60127692577068
1902,88.56584384712097
413,88.52326367687056
233,88.51986685316204
389,88.43840853579296
191,88.40529224360732
719,88.32839105245658
2325,88.3217327532819
2070,88.30776606625848
1571,88.29944193007985
2374,88.22964437495288
1889,88.21881349135602
333,88.21810852139755
329,88.17288387047755
1187,88.16968904022016
1162,88.16233294165481
1338,88.13779111532527
599,88.13255401419966
2530,88.12954449509479
2108,88.11088851021469
2378,88.10338786527237
1089,88.0963687096419
1563,88.06470064146282
653,88.06030296490826
2453,88.05790674376063
2550,88.05315773412389
527,87.99194832016548
1869,87.97723196310771
2916,87.97472690595262
1877,87.96581107561052
1566,87.96288722519523
1149,87.9554660824693
2583,87.94840242698396
1648,87.93764793819543
2042,87.92006407949457
1873,87.89603673351547
2762,87.88672836183075
1453,87.87519786884951
1471,87.87157014915424
1562,87.86667990979018
2538,87.86029831733752
786,87.84822528554618
596,87.83852051726474
1309,87.80240500111297
2314,87.79428154961968
338,87.750336993533
518,87.73892548248769
1777,87.71708572122951
2305,87.71311716118868
2983,87.71300080509559
1732,87.68146854384077
2666,87.67122550998559
906,87.6632575946242
1930,87.63777324763147
2847,87.61893973078905
306,87.61165671104686
171,87.60431006173616
2585,87.59186359080981
754,87.58374430187396
1783,87.53970262137332
560,87.52944875406787
2682,87.50951748670249
2897,87.49709956888876
1767,87.49535850053527
610,87.39990576472891
1499,87.35427081496287
1376,87.34180915848223
2977,87.34028397734663
1819,87.33910049620958
2058,87.31638149313642
1443,87.31510599110138
1193,87.27863627894477
2746,87.27533433261617
1721,87.24084974338825
2449,87.2024573795812
650,87.17411579877594
2445,87.10251826779614
1199,87.09616423538336
549,87.08064687633323
2298,87.071160918707
864,87.0672069214702
204,87.05659814363646
2461,87.04721192070866
2330,87.04487558512969
328,87.02929354113692
1432,86.98109492707177
1637,86.97653230512313
1213,86.9603217045932
820,86.9505461309044
1939,86.91240536757768
696,86.90392943880052
1135,86.88952749990308
342,86.79666905423126
220,86.76743787145632
277,86.75609584622828
1778,86.75584955724446
1134,86.7343885077093
980,86.69503265252244
1612,86.68533854472379
2966,86.67669644456564
148,86.6686205603377
883,86.65900411996176
755,86.64779924618696
53,86.62529481088657
2829,86.57562654091541
553,86.53329528017116
2184,86.53202346725537
1808,86.50063313839959
1441,86.44933003196039
1000,86.44631297150866
911,86.43438162515153
2855,86.43044861192004
2773,86.34263710075697
1088,86.34219652652313
91,86.33095960669928
818,86.32374607376194
28,86.28655189556441
2932,86.28333165958776
137,86.28328116545342
2018,86.26810511125423
487,86.26497313635015
1093,86.26119984046407
1150,86.20373530296924
2339,86.19116540742306
2021,86.18783987674107
65,86.18518947116497
2813,86.16663748916491
806,86.07929774136839
718,86.07062017272892
1970,85.9899233089458
2393,85.98316785054875
2271,85.95044670646259
473,85.92936309060153
1668,85.9030028810534
3,85.890436482572
826,85.868640111507
767,85.85767004706163
1817,85.84768391317495
2288,85.81448994396598
2723,85.77827783692031
162,85.77292255589879
1277,85.68540795399132
2564,85.6757693365207
399,85.64884917354138
2774,85.63569118468781
2213,85.63311011445879
2252,85.60665694362147
1536,85.57772339488223
1989,85.52649008466548
638,85.4905176938761
314,85.48448265769542
1611,85.45277789282301
2862,85.45160423662146
959,85.44617566594333
676,85.42572295423686
1526,85.42406027468635
2534,85.40801534489368
317,85.40176576278176
325,85.36445819415475
1063,85.34334737985817
832,85.34193631423847
891,85.33094551581735
408,85.33018895485303
1661,85.31671469381871
2456,85.30592889471652
901,85.3038655712718
903,85.28997189089354
1495,85.28817540117868
1400,85.27850603465626
2333,85.27834635037202
1175,85.2781040713455
567,85.25709381704799
1138,85.25432863605593
2594,85.25168412754074
2623,85.23274491517701
1520,85.19090202522301
658,85.18926023827494
1857,85.16990403014682
121,85.16636939972237
2322,85.13087008093815
1158,85.10554504883942
431,85.09679139975565
2293,85.09212321891157
1830,85.09054266335995
2757,85.08085443599154
2914,85.07230798976506
1607,85.05992348400511
1392,85.0595708602685
1413,85.0593607656419
2667,85.04375282882843
1002,85.03375490075743
1505,85.02951610315861
828,84.94717025568931
2830,84.93254613822182
1656,84.92398897065053
782,84.91975419305224
1185,84.91472634674095
509,84.88999533389435
708,84.88341309396623
2765,84.83121898846278
2159,84.83015981205617
1580,84.81996111098418
219,84.8146972145066
2015,84.79987070033172
519,84.79118948634081
937,84.78601284153335
2963,84.74963105054222
1583,84.69384713140728
830,84.67705075412344
2479,84.65978134236525
1714,84.64852604330783
2201,84.63921578967845
70,84.62705664177685
1683,84.60685601709918
1680,84.59402169396175
427,84.5876239598379
2059,84.56439984730592
1924,84.54373258495288
31,84.50394384204394
305,84.49577354718323
512,84.48758905209678
1103,84.473918324875
1235,84.47219553088821
552,84.4677284022585
1167,84.46390647948779
449,84.44400197464377
2730,84.43312386814632
2587,84.43090808261111
2346,84.42626325562557
2135,84.41847872711415
484,84.41513913507407
2978,84.39275576439294
1685,84.38791540014049
61,84.34084626204219
1558,84.33411367677327
2989,84.31754441045547
2480,84.3159026580066
1164,84.31325658282486
505,84.28456981042748
1099,84.26152108381491
1403,84.2488823479229
2426,84.1829653080883
952,84.14450981885133
1896,84.13856661208115
592,84.13598434350756
1837,84.05670320417863
107,84.02694144867567
2204,83.99949310504857
1317,83.99760488424127
2599,83.99093142377114
1226,83.92329529891937
940,83.9120012307382
2539,83.86149530231802
2428,83.81950797795352
92,83.78702260044622
2922,83.77855668561808
2193,83.771205587189
2838,83.76656593207908
2491,83.75605643004032
140,83.7233228042335
232,83.71416733346257
2146,83.70824146418353
293,83.6943050263874
1221,83.67907936095123
2659,83.64515975307702
2612,83.64474489229809
2017,83.6104207244225
276,83.57487230546691
2442,83.56712825059734
1333,83.5652554877004
2123,83.55515888732428
2695,83.50583556453812
2845,83.4971334062282
2016,83.48405602707443
2003,83.4415363155173
602,83.43930296547813
1100,83.39948849267947
949,83.39366273675799
1043,83.38908881126234
1750,83.35488462065437
2019,83.34217100725307
1249,83.33081953527622
1654,83.29959993240871
37,83.28006357344104
1386,83.27866879075208
2431,83.26370457703253
2202,83.25289492896349
2982,83.24993881352822
1887,83.24228459782135
2990,83.170931938668
550,83.16295192214137
2226,83.15205881670859
2528,83.13465221363448
1196,83.12703278334179
1019,83.10051450122084
2936,83.0835888489768
1653,83.07596404844105
620,83.044838745877
712,83.04394158335056
2874,83.02310523016881
1336,83.00934420529185
433,82.99963858446145
1085,82.99575716754387
244,82.97499085408573
2974,82.96962388422598
2799,82.95461768718367
2129,82.93296250020911
2300,82.86626781820885
2866,82.86010637883565
947,82.84708830749287
303,82.8391677618842
2438,82.83519120422777
524,82.80773365848916
1427,82.79270983584105
2450,82.78891750298287
1344,82.7681025092536
2724,82.72607032133617
1707,82.70605980501969
2833,82.70185794867861
295,82.69933994128044
1025,82.69862018453486
1868,82.66294597661157
2047,82.6320298309909
82,82.62927913318806
1230,82.61743038033725
1688,82.61617660535396
113,82.58942051457329
6,82.57873800051993
1570,82.57853210620372
2169,82.57694224028705
501,82.54871326734421
2245,82.54846000003921
630,82.54641867061297
535,82.49669116882126
2767,82.48453511999521
1178,82.47898745432067
1245,82.47560114993905
632,82.47261824036107
2436,82.45404688962884
2683,82.45357334069882
402,82.4443566729181
184,82.43280884225325
2077,82.38979208166394
1398,82.3751832824987
1257,82.35376417354692
1422,82.3464282406938
2863,82.31491083948767
1141,82.23971584141488
493,82.23296900875887
1980,82.22463259916304
890,82.20487549011521
907,82.18438463064525
1354,82.17234726055473
158,82.1526358930881
573,82.14570948977494
1847,82.14226068437235
516,82.14008615702313
2244,82.11437022070395
950,82.08906480940979
2209,82.08806513662026
916,82.08609938683676
1779,82.0670537024993
1804,82.04465316031946
811,81.99906328302677
2651,81.94646339547401
1390,81.93903072607547
2811,81.92251593905596
2041,81.87984963098498
2716,81.86954485454233
1588,81.86717654421747
2036,81.849472034265
40,81.81870939742484
1498,81.79979777659092
981,81.79531042580813
1255,81.76640336577981
2555,81.7625508444702
1331,81.73464916307898
1373,81.72983770709523
1600,81.69090363523847
310,81.67856884545849
2104,81.6700338905574
2192,81.64042714231971
2335,81.63750553209482
2307,81.5917369445564
841,81.57347489390757
2494,81.56806571839311
2353,81.55453551088752
669,81.52057019662689
2175,81.51756911363692
1238,81.50766033428344
1302,81.50032309013169
1716,81.4862617119535
205,81.4711106207367
880,81.46426516924997
972,81.43451836817079
324,81.42718678490749
495,81.36646896930799
577,81.36294797002336
1518,81.33354488118391
701,81.31848728849923
1800,81.30590802174574
474,81.29233379867847
2405,81.27449647574467
1923,81.2665133983981
935,81.25299469784397
2390,81.22970632927601
2268,81.16360201774933
1222,81.15194898627956
1133,81.12533881655258
2148,81.1076839225696
1706,81.10432168911379
1502,81.07889656635916
3000,81.02337904505353
2466,80.98520668405416
2617,80.97868103743164
2885,80.97727252533474
964,80.96854116683038
1139,80.96610448249606
216,80.95498758731934
2203,80.954025585092
1389,80.91620126648655
2614,80.8960966180877
2806,80.87839519902373
2889,80.87561703318194
2501,80.86545905729388
88,80.85520001453035
618,80.8329841418357
272,80.81692956170603
1592,80.77453952714848
1107,80.7635207551661
1477,80.76143387192846
1271,80.74433816180552
882,80.74074080667634
398,80.72941785028223
625,80.70603437933055
263,80.68205684575003
383,80.66006653957334
2297,80.64562068067076
1281,80.64283636317019
2239,80.63228391716467
1971,80.6195758128806
843,80.58301575407016
2475,80.57486545702375
1459,80.55849421346254
97,80.53723689600868
2692,80.53428184034608
2242,80.5254257283588
38,80.521381070647
2075,80.50280344613606
2643,80.50076636989725
2957,80.48500981850856
2487,80.48308111822108
2877,80.4766216492518
957,80.43895812449392
1882,80.42458331439033
636,80.3785232950948
351,80.37769572332559
2535,80.36775863446246
104,80.33172433660677
2071,80.31606248010037
309,80.30223565704996
2222,80.298175667151
2502,80.29661762952675
212,80.25007405470981
346,80.22403553044622
915,80.2025794594409
1938,80.11247036248177
2165,80.10984295536689
2597,80.09692037974038
2171,80.08913388885114
1118,80.05864645357748
190,80.05543331771625
1850,80.05143986112333
2051,80.03522739234779
1144,80.02106228722303
2742,80.01152575950377
1780,79.99074257778418
1812,79.98100976909204
494,79.97647179088419
290,79.96473978382544
1300,79.96000466444099
1391,79.94258886515125
1516,79.93984209710212
1758,79.88894906781371
395,79.88664437503772
1922,79.88605138806065
289,79.86713385421824
60,79.86273883549626
1365,79.84241615607024
326,79.81552641354861
2613,79.77512264989399
874,79.77113182908579
2385,79.76611662210067
2352,79.69748990493476
443,79.68894118790249
1765,79.67496400119228
1169,79.67174309219065
1534,79.64351804793525
447,79.63509320529695
2076,79.63395269143092
258,79.62842809848651
1081,79.62272400875602
10,79.61078267807365
1815,79.6023941508279
741,79.59710614783631
228,79.57200315296627
208,79.55435673830902
1234,79.54763470323208
2753,79.5325282028922
1489,79.46982864481258
2004,79.45107170446661
370,79.45055415047183
725,79.42861661549543
1720,79.41953807380783
1630,79.41929126217838
1546,79.4104402718528
2993,79.40433671119371
857,79.39991311791272
1569,79.398325543824
1625,79.29951173429625
629,79.27850774458489
2915,79.27602861745075
2704,79.26786172681477
1462,79.21990671542527
835,79.16403052219346
2069,79.16316116601008
390,79.15106006635925
833,79.15040726962332
951,79.14872054690646
785,79.14789533252866
2787,79.13491131143435
1730,79.10468384142985
623,79.0759061132087
1287,79.06726476223741
1481,79.05948829296884
1473,79.02558731858029
547,79.00291280023019
90,78.99495853907965
1545,78.96938505133728
100,78.96475100152115
508,78.95637806983892
1949,78.95399260571791
2185,78.93130798824863
1346,78.9248098553092
1784,78.8795456008968
2541,78.84681707012263
176,78.83738811285724
1131,78.8364481128378
2324,78.82214200476884
2997,78.81679762927654
471,78.76864198727142
1108,78.7463643711832
649,78.69132433502176
1542,78.6595108892159
1125,78.64235631462829
1943,78.60286043466729
1231,78.56063461255812
1761,78.55933653652578
2531,78.55189291137836
2102,78.550497568407
2511,78.54835392547425
1128,78.53943837712295
2078,78.53036107399585
343,78.52905286179848
2709,78.5204616490743
2522,78.51000035462303
1594,78.4975805033916
2434,78.49642429794424
361,78.48300786933241
1493,78.47151039714376
2486,78.44296030203776
769,78.41952617408343
1586,78.41617301720672
2125,78.409103882191
1225,78.39072332655607
1056,78.37085728025383
894,78.34682231367503
2210,78.30527238406344
931,78.30076334022768
2142,78.25627737078246
2937,78.25294178853865
581,78.24967923351582
2375,78.23708184657657
930,78.23477137384987
1805,78.19846510476559
1687,78.19295924471236
256,78.19212250671842
2697,78.18644817875447
1841,78.13608538530369
1595,78.12665393364831
1975,78.09664951921216
2359,78.0912863189042
1372,78.08121634269514
1232,78.08068046178832
2525,78.03657470026702
2524,78.03341031177507
500,78.02811286344424
2677,77.98234070454116
1006,77.97168422420889
976,77.94753356376626
252,77.94710930901695
1066,77.93632544650907
1241,77.9360402010127
1276,77.93306512305553
1269,77.92244803081834
1095,77.89826188690289
2394,77.88661130621328
1679,77.87889195211572
1796,77.87680125220953
1831,77.8522881875852
720,77.82377547645989
1509,77.81842819748823
660,77.7869829254331
269,77.77079645707994
616,77.76056090805031
2644,77.72081775943846
1712,77.71149048784874
2920,77.70216945182342
611,77.7000484437659
222,77.64802433679591
1711,77.64507088621475
1671,77.6392245954828
530,77.63022935526048
1408,77.62408459525065
2424,77.59162150915913
492,77.58058784658287
953,77.5724702303357
2942,77.54369916239537
1151,77.54159447161875
331,77.50640093226883
1789,77.49564839490192
1984,77.4841509884146
691,77.44339965288512
363,77.4326966566045
2356,77.39437804346998
1359,77.36683942325566
2259,77.36435166182474
514,77.3564465836089
18,77.34924308641683
1672,77.34312662660604
764,77.30702210711328
300,77.29903221793982
2496,77.28200085219993
1982,77.27255428657318
380,77.22168381341858
1953,77.21542183970944
665,77.19308621653312
698,77.14823537360337
2976,77.13519376258911
990,77.09759889527282
2099,77.0876798700245
1288,77.08383723125922
829,77.07168679642116
1304,77.0627011131242
2363,77.06092484754656
1094,77.0474852423356
1626,77.04211120408097
988,77.03995858828743
2427,77.02271241199401
2380,77.00293906186019
231,76.97359147013178
932,76.94727771792942
221,76.9150571630567
25,76.91223612488388
110,76.8888093614745
47,76.8822164028646
2483,76.86589671945464
2509,76.8249673733803
2883,76.8121869529348
2447,76.80617668132115
2680,76.79626806846932
732,76.75896635545378
1342,76.71241111924263
1537,76.6942444592319
2497,76.69100729166914
2706,76.67026922584309
153,76.65860320796259
794,76.65019200555514
1596,76.61719044070485
307,76.61583613257586
2510,76.61368973315558
617,76.59907276177412
1839,76.57644642160813
1410,76.5648327483206
910,76.55814768985542
468,76.53534981876285
2548,76.53283328261176
1207,76.50582129578441
382,76.48237023051665
1261,76.4515350937282
1844,76.44179237846954
2664,76.40388913570068
480,76.3984613865992
24,76.37375684417802
1921,76.36322619241848
1059,76.3456382425439
2606,76.34074693279089
2853,76.33633535525514
1055,76.32257767340002
1547,76.32220825487516
2943,76.30793460583173
1826,76.26762071318828
8,76.24705115473022
1455,76.24234462635168
2097,76.23121129301269
2992,76.18181121229462
1337,76.18030084628128
645,76.14631339013813
2414,76.1298542740214
2046,76.12649815713553
1719,76.11934420088207
693,76.10811409579203
185,76.10457293935484
2106,76.06607098588388
2887,76.05595302017254
1655,76.04640605673659
1483,76.02819822060967
1960,76.02224606685935
302,76.022192209776
2970,76.02044735572234
898,75.98038983942905
2738,75.97233290673834
2024,75.96178028917747
164,75.94320986419254
253,75.90776216173522
1486,75.88640203268291
699,75.85305047799785
1347,75.83917391169794
729,75.80898280236784
2584,75.80511481674107
1041,75.80482837894515
1678,75.76546488026088
1639,75.74167099683113
417,75.72280108293353
2973,75.72116997945827
250,75.69490537702384
1318,75.67320954293905
551,75.66206754802174
1380,75.63656405933817
918,75.6346912993808
958,75.6340444660882
2119,75.60827269028428
73,75.60752893726219
2150,75.56908061362714
2941,75.56510238646426
2235,75.5650784633526
2971,75.501811725557
2951,75.49827754469779
1582,75.49147610174093
304,75.4909016777952
1694,75.43157991509045
2558,75.41629557166951
1608,75.41120565588535
2702,75.39799017502004
722,75.37540039599044
1742,75.35897035545348
2180,75.35536340861309
22,75.34566414415264
2145,75.33952818420133
2281,75.329114567645
454,75.32886122484327
2048,75.2918793429253
640,75.25943012179263
1918,75.25059717828566
1584,75.24778516041981
2186,75.23135318598784
2234,75.22803012923588
1928,75.2208145134496
2163,75.21276409556621
2170,75.18272773594352
1945,75.16144902795565
2890,75.12332436761254
2938,75.11004534931955
1919,75.10072813180969
424,75.09720981822159
1404,75.08505589285235
432,75.0583476289839
781,75.05179319000163
603,75.05100319125805
1468,75.05086228238707
2727,75.0493509542587
790,75.03967414781505
619,75.01998119894955
1345,75.01708515340088
1504,75.01119074022138
1894,74.99810134638494
2911,74.99261060195676
2328,74.96434292198747
2417,74.93886421654501
1121,74.9274635147205
2401,74.91985365917421
2236,74.91974046018272
152,74.87102183037007
485,74.86763468172137
2397,74.86256505311086
2678,74.82959320837081
2151,74.81948162683553
1399,74.79708100030288
1180,74.79278223388243
2334,74.76989183547474
517,74.7677746055522
2731,74.75781078313491
2002,74.7538075996608
86,74.75337069556339
315,74.7516948956785
537,74.7288127365483
2444,74.71854818032884
1220,74.71738556211398
425,74.70826691845498
667,74.70286717226409
1988,74.69047559698751
2251,74.68385718527229
2536,74.66624876163293
1298,74.65992935389063
2419,74.62761037840829
291,74.60864900586095
2681,74.60482986768123
2743,74.60009354661238
2699,74.58452319252528
2660,74.58324037170885
1407,74.57588901816844
1577,74.56979315480068
858,74.54357573390372
2631,74.53198821847828
2755,74.50955379695966
2628,74.50123417136147
745,74.4739495924038
96,74.4323912285018
2472,74.42026321612387
1215,74.41211753840709
2294,74.39751285243116
2819,74.38080315593686
1156,74.35344746270948
133,74.343606497498
709,74.27972998667353
2795,74.24787971073495
1430,74.2413862340798
1339,74.2348146198441
1026,74.21432886187415
2272,74.20930213170475
1616,74.15706177717745
2858,74.15678485829325
2809,74.15219073148886
76,74.1518529085869
1212,74.14929057887417
568,74.13875472753142
1244,74.12226049534978
2124,74.12041412792418
1968,74.09707200687863
384,74.09549533259782
1415,74.08411680699861
147,74.07524298730456
1073,74.07478279950278
628,74.07245700981198
2269,74.07216686812583
759,74.06515127635213
321,74.05783489765008
2580,74.0358869827187
422,74.03296478575422
2857,74.01750544065848
2064,73.99799537059555
1798,73.9947195465294
633,73.96910357975041
2927,73.9563639869272
689,73.95576825636464
194,73.95576093873933
1890,73.94648141897325
2161,73.94062883540059
523,73.9346977736234
1136,73.93021263808497
2720,73.91770159700815
1223,73.91250512768407
285,73.89483938925525
1023,73.87965829011006
756,73.87773795028664
2872,73.85925275143899
2701,73.82037494523838
540,73.79761497450605
1419,73.79749630310303
1362,73.78557464397257
889,73.77940079530379
845,73.75951591509661
2229,73.73867029708178
1955,73.73173374552152
1490,73.72898615696768
2710,73.72225492569368
89,73.69145396866668
2781,73.68099982784926
763,73.67557942565277
1461,73.66018900752583
730,73.65134912588405
169,73.63157142534953
1908,73.61267620791449
2975,73.60753745871583
1892,73.60408655321683
2711,73.60343753214165
2299,73.60291244834124
1591,73.59880041755133
1602,73.56291697537507
2561,73.52858795353741
2230,73.4919237494999
257,73.45720031474211
1874,73.44572594617476
2577,73.41946905029772
2139,73.41259159522622
406,73.41071113587174
1051,73.41027543434434
421,73.38574499382334
1154,73.3704465884107
32,73.32019231964564
2737,73.26827628467215
2164,73.24217601871207
260,73.23906397816694
1080,73.23280769874994
597,73.2042765103882
2152,73.1949298190932
1737,73.17835848689907
245,73.17254767008784
2700,73.17216725907181
941,73.16751975025448
1364,73.1648435048382
571,73.12407770789471
1206,73.12058647755646
1181,73.10128455663155
154,73.09495310244445
2979,73.08041113361371
588,73.06762204498828
2168,73.06581698844336
2747,73.05852492106929
965,73.03899318378616
1561,73.03499306066823
75,73.0255936092996
2216,73.01211949147292
2231,73.01194216251969
879,73.01022638544606
2113,73.0052642255958
2715,72.99431758131526
1092,72.99364387767758
2895,72.99364257030516
1903,72.99239049606676
2661,72.98467738113303
1322,72.9712488108868
2563,72.95774750984685
264,72.90649908664501
1609,72.88538700362416
2844,72.83190873286728
1554,72.76835736611773
2433,72.73391126618158
823,72.73178496329109
1813,72.7218108080144
1015,72.71564159665844
878,72.71494920023397
1521,72.7065301253002
356,72.69420002157916
2310,72.66546715068161
1184,72.6587061014895
2785,72.65307603018692
1553,72.64658753659336
564,72.63709536536973
686,72.62758807143813
570,72.62379555616536
2409,72.6072476026117
2127,72.59979756693042
1944,72.58554343161396
533,72.55107583226206
2636,72.53222033512364
1807,72.51631788483866
1836,72.5133476267499
2748,72.50474840923104
2134,72.50114418897397
876,72.46891554636841
2287,72.44756654829243
2650,72.44375802199407
336,72.41676489609098
2391,72.39161759460582
1078,72.37598782466581
1820,72.37503788148491
775,72.37289775530449
1058,72.36797897766877
66,72.34969001236797
2312,72.32664087641803
839,72.32424559933656
987,72.30079639629729
2520,72.2924989668356
2265,72.28460900616062
1290,72.2808393686166
1447,72.25493710022225
2841,72.2539212268668
682,72.23664112160357
236,72.23246498432933
2772,72.22504621930038
2440,72.19767071888741
1321,72.18755096565613
1330,72.18748434329976
1823,72.18081039239728
788,72.17450218642475
1543,72.1667397079405
43,72.15892090047164
217,72.15619506033902
2728,72.15382903934044
30,72.12992073734476
1119,72.12194861213361
862,72.11654232465605
1785,72.09298918836473
2211,72.08324868579265
1239,72.08013751529572
2949,72.07783620864957
2413,72.06370958925854
1421,72.0629414039622
2027,72.05693971269713
2586,72.04643295943748
1104,72.02518761222414
922,72.01762886264618
2464,71.98304718784989
1703,71.96422456329898
2588,71.96021289774069
2786,71.95578316106963
373,71.94421417696954
241,71.91799643797964
2309,71.90304811661521
1781,71.89230706422583
374,71.88355983539975
2037,71.869282102762
36,71.86263903781472
2945,71.8582345533704
477,71.7979074161879
41,71.79140931888963
2389,71.78525659121185
2499,71.76863074853671
179,71.76463730819462
1301,71.74753011533367
2215,71.71602729355745
853,71.69661062332663
1965,71.68979884813919
116,71.67583208324024
2725,71.64312565117967
2796,71.62088369758231
2132,71.60688508309204
1843,71.59559591599637
851,71.58340633035075
1370,71.55028605569349
2840,71.54660708929843
2800,71.52929085053661
2343,71.51124519758065
1236,71.4943914614645
1643,71.49014517395514
2255,71.4771048762331
453,71.47456445852131
1799,71.46921655656216
1728,71.45653564933079
821,71.4489473651843
2954,71.43952592427463
2912,71.43469133345066
607,71.42562097187182
2740,71.393276638787
128,71.38600416631195
2006,71.38379559713927
286,71.3771827616386
193,71.36957564043702
1166,71.36405696662736
7,71.32931054318053
2326,71.32517396420036
275,71.26241341879391
2040,71.25351498894244
2190,71.25321937223384
2448,71.24540800395872
2067,71.24129731264759
198,71.23506502455129
1157,71.22166239419431
2547,71.18525832112876
2267,71.159191900305
2441,71.1423980750301
2181,71.1335576471145
1069,71.12524679800512
948,71.11902378211731
710,71.11534506163812
2900,71.08628950188756
430,71.08061689805675
2199,71.06745517123272
23,71.05741145433663
1033,71.03679254993646
1256,71.00851247275814
2622,70.97628850562236
1293,70.95614519373113
1548,70.92078163440145
2083,70.91201098849882
209,70.90371567668313
1024,70.89886623983192
1217,70.89613889780412
1979,70.88881178927423
1802,70.88086919052138
1540,70.86604092860294
461,70.84620649792258
960,70.83803364041327
1927,70.83733234325629
792,70.77619780240335
1838,70.77155973536648
2422,70.76974327909257
2852,70.76147732401384
414,70.723634100135
2646,70.71317052687482
2823,70.69324046054962
2906,70.69250447269839
1030,70.672656733904
978,70.66227867925832
963,70.66071070307142
2308,70.65957819743917
87,70.65907763189146
1201,70.64903312645636
282,70.64407851611251
2155,70.6391511646636
1597,70.62601244163622
727,70.6157303993483
1871,70.60793086387862
2571,70.60648093860031
656,70.60398474245068
961,70.60132470635997
483,70.5960429610369
155,70.58674270660455
1320,70.5847243343978
1657,70.56634387649382
503,70.52741014764906
548,70.51150570512239
1932,70.48702599949573
2556,70.47574706880395
1731,70.46684390444177
1879,70.46444485539305
1620,70.42540930797037
842,70.4049424173895
2045,70.39020012937151
1664,70.34818002605746
316,70.34770048466835
1915,70.32735358554339
2458,70.30992775444167
2886,70.30626206413054
2060,70.28689531328772
2279,70.26866965480431
2399,70.25565456785056
1378,70.24660697441591
2842,70.24374292947721
2286,70.23968063852124
779,70.23337282887346
237,70.21282177693125
2101,70.20893824238543
1774,70.20832788996049
1619,70.20543917688228
797,70.18625296967107
1111,70.18451387470807
850,70.18279790878172
1440,70.1665655986197
2861,70.16136916740686
944,70.1064188317335
1137,70.08258411932835
396,70.07529249023487
559,70.05785618278315
1958,70.05327999582077
812,70.05291442348313
770,70.05041644524883
1997,70.04410775446888
2028,70.03100423321116
458,70.00421528608325
2518,70.00235375136243
2921,69.99576685235549
1632,69.9934273558534
1117,69.97425493892224
429,69.96606686577722
1210,69.94895019234038
1406,69.94796822164828
2477,69.88776992229461
1105,69.85785154956116
2085,69.85368560849763
287,69.84687401666773
778,69.84627018951795
739,69.84537974197247
403,69.84009500330663
1760,69.82876825380977
438,69.80917453317616
1713,69.7980672810651
265,69.7920085149454
849,69.7909610009608
2383,69.77252493442684
2504,69.7580287471506
2065,69.74428688721952
2263,69.72336232203426
2033,69.71367456307084
2247,69.71274583008204
2880,69.66576973371633
1394,69.63627822354283
378,69.60635155137088
2657,69.56448971689508
1418,69.52227358329866
2771,69.51989742401018
680,69.49323067348577
2469,69.49278123110014
1744,69.45644927944123
1532,69.44242533371826
2098,69.44242127789609
1624,69.4326899346385
899,69.41549542685
1959,69.4027990442565
678,69.365060306729
2676,69.35093099002431
2825,69.34056638334268
824,69.32466392197401
504,69.31012978472013
1467,69.30891900740903
2212,69.26707900524
1940,69.26637325080647
218,69.24482114038486
1551,69.22991800615172
1328,69.22148601089873
2835,69.21387160211017
819,69.17061577333548
803,69.1647705200243
1209,69.14611793824967
1506,69.1305218658626
1676,69.13019136342814
1188,69.09017518577168
2596,69.06508114810042
1366,69.046089539665
1735,69.01729477773384
2670,69.00685228954423
11,69.00177152241058
1523,69.0007785853872
929,68.99535009555773
1628,68.97320829774829
724,68.95337692000837
690,68.94676113123337
2465,68.92683124819781
1957,68.89708983024111
112,68.8889150752398
2217,68.88762981942878
641,68.87972926115465
992,68.87663684625069
993,68.87535136134497
1289,68.87311890724298
345,68.85689532001157
2179,68.8407087752127
1717,68.83758442219093
1045,68.83691384187117
1143,68.82964523065047
420,68.82513781404252
1130,68.80873439026097
1115,68.80732823594252
644,68.78975605863646
78,68.76747593259047
2526,68.75957994173507
2025,68.7498871267977
2593,68.72126452886882
156,68.65962567069359
1794,68.6553279647176
2994,68.62914547836627
2055,68.55805171016299
2387,68.55270479829127
99,68.5175528220259
1617,68.51623974842317
2061,68.51330791266656
428,68.49443379901282
1367,68.48821434834566
2634,68.48574154619988
924,68.48130927116739
586,68.45951789468559
139,68.45011869817476
2527,68.44216324295823
1062,68.43439162704962
1470,68.429516031977
2120,68.413901506216
2369,68.40681740493423
2238,68.39880215703442
225,68.39642664117338
700,68.38219610295035
2632,68.36165400085892
2557,68.3470363658153
2708,68.3400201935656
2637,68.33475487716672
2532,68.3173891194887
1431,68.31672163466233
2769,68.31261933680244
522,68.2896908222673
1177,68.27403943043936
1860,68.24219883870042
1905,68.23874564302513
2647,68.2102276152932
585,68.20793828691455
2365,68.20280282786824
2940,68.1310187185857
108,68.0911244794626
863,68.08677120223841
2056,68.06526586535563
2719,68.05912577327254
2867,68.0121058320485
319,68.00148021621152
2935,67.99462135402362
2805,67.988210335018
2908,67.96826467608622
685,67.96257836964661
2984,67.93641085903224
646,67.88985404902608
499,67.88945402577582
1579,67.86317039841303
534,67.82878170560336
2782,67.78930891839146
1851,67.78701855146296
2121,67.77869507147565
367,67.76736153096384
1219,67.76631441202763
2898,67.75895650668339
2576,67.74603867738992
865,67.71085234195748
2000,67.67100692819515
928,67.6653936935626
817,67.65340657755159
365,67.5948268050678
933,67.57792432393263
871,67.57089956072308
896,67.56086822126478
2578,67.55780867736496
460,67.55017038796062
1248,67.51896921850863
2546,67.50937491381583
2766,67.47804123567427
1020,67.47155973263453
1233,67.46532083958644
1456,67.46283113424356
223,67.45439928016013
1491,67.44456505701336
411,67.4288245029787
1179,67.42815374109804
909,67.4155612141311
1916,67.4047500085905
2473,67.39254145553352
451,67.38902059053245
1192,67.38831480387427
991,67.38457045618523
2368,67.37875611857467
1383,67.35816115936608
1348,67.35348177926033
344,67.34527702032135
2567,67.32634071161796
1692,67.31964518461598
2111,67.30178965610327
1082,67.29997387391435
1560,67.28063946222842
695,67.27503639569915
706,67.26105186129801
410,67.24984055929897
1522,67.24670794647552
866,67.243110567372
1936,67.2246954055733
2828,67.22392148772131
2361,67.21684644552758
2250,67.21606740438243
168,67.17610589400753
1076,67.14594282337293
1917,67.13931762176344
1122,67.12109751601108
1458,67.09175655246467
1842,67.0814328247781
2999,67.07919279949364
837,67.07578151130937
1433,67.049431698485
1204,66.9991446501509
2331,66.98535004219836
135,66.97688486283882
2827,66.93927109560373
810,66.92051343859873
2770,66.91034389970835
173,66.8823287482114
733,66.87907229324672
825,66.86675090718748
1906,66.81669818368871
716,66.81167782736482
2214,66.80911612322464
1795,66.79075186745604
760,66.76313439729672
318,66.74847560405581
606,66.73419066478357
278,66.72538084888801
1951,66.72054510501641
452,66.71707616472143
1920,66.68990136854593
1733,66.68089846707252
2995,66.67806416401675
1948,66.67228472563278
1334,66.65457319227019
2090,66.65105974138297
2569,66.63456356362164
2232,66.61233266233755
439,66.58113834817489
1651,66.57780690626115
1697,66.56788392117771
2008,66.56632791935994
418,66.55472980078753
502,66.48066919836468
1216,66.47466784946643
2553,66.46927861103543
145,66.45150791674634
962,66.44646460402215
1325,66.41891024335177
2734,66.40873778076073
1614,66.38616970762607
1937,66.3601536773594
2371,66.34756047302969
2337,66.3378809805755
604,66.33382149735274
58,66.32688516493192
2110,66.29997009837327
2749,66.29986526664386
388,66.29589184704037
2824,66.29258472912501
970,66.28229290261535
267,66.2530628403392
1014,66.2454537797499
2072,66.23924863491607
2050,66.23148807422062
143,66.2145886033726
187,66.19879186554812
1035,66.18867599852248
2891,66.15154752506939
1740,66.09515304850466
1856,66.09117136007855
1701,66.07300184217134
800,66.05884534434935
748,66.05361685365007
496,66.03550583345208
486,66.01029166050941
456,65.98272710404811
294,65.974944143834
175,65.95469840498443
1821,65.94325387835437
2225,65.92558547246152
2039,65.91968086110634
2296,65.89052349018975
1768,65.87270754364518
2301,65.86338787780119
371,65.83255265117899
1306,65.82769288393237
2953,65.77392521763161
2332,65.77163592314213
312,65.76805847852805
2981,65.76105257639799
33,65.73707576785591
2865,65.73322394928832
2934,65.73318812873215
714,65.73188305003019
814,65.71871557091123
189,65.70101510225803
923,65.69331907270734
613,65.67870467228482
1872,65.67073376126284
2662,65.63181461208619
201,65.6299495301805
379,65.62048293598687
1401,65.57652566107721
2386,65.55515096206814
2603,65.53569532143104
1585,65.45123386604891
605,65.44102131786326
2105,65.43693058861874
1867,65.42175233982057
355,65.42100562945853
2457,65.41659422977096
2488,65.40862289417129
1525,65.40488590311627
2505,65.39809763223079
2327,65.39059785873263
2752,65.38289335129035
440,65.37507004843309
101,65.36824736342044
2688,65.35274945400276
2454,65.33513685637543
1228,65.32545233336374
1862,65.31934181435992
2276,65.29043915808732
59,65.28711714883673
1870,65.26220137433629
715,65.2242567319448
1487,65.1736213633711
1565,65.16011730540745
589,65.15552456704619
1435,65.15145853536207
299,65.14969110992593
1285,65.06394361026837
2573,64.96126055630864
409,64.93758658716686
1642,64.90701022735966
102,64.87820900591159
2902,64.86605255778896
575,64.84847237246306
1809,64.83625431967288
955,64.82502825737757
2087,64.81361560747118
1098,64.79909263325594
1050,64.79824075305665
1741,64.78179536696379
57,64.72926691141876
1029,64.71670960668752
1044,64.70828826277318
2095,64.69356103196783
2470,64.63415797800118
229,64.5858223686272
1660,64.5708623723082
734,64.56373294367545
215,64.53621021099624
1753,64.53278488423733
2750,64.50597215371853
914,64.48790879770283
1962,64.47326323143574
1787,64.45154748720509
2446,64.44111587966762
246,64.3986516082044
2062,64.38283697483104
1511,64.34631582001825
2960,64.34161402381122
42,64.32315452799797
1677,64.31793804995617
490,64.30878495705085
268,64.30062839536892
85,64.27560702190834
582,64.26641159722304
1822,64.23130214105265
668,64.19961158369897
2741,64.13278817300213
2712,64.12714891202354
2285,64.11738833940163
199,64.09995653748514
2638,64.08801622066196
2955,64.08472103208341
2744,64.06119064086899
1126,64.05342654964637
2792,64.02002380705203
1574,64.01751946032657
2797,64.00623272343837
1411,63.994689611487075
749,63.98043387521823
1211,63.944758525821335
2735,63.933642448585175
591,63.86784672702583
2402,63.86074978801593
2177,63.85523348099695
1375,63.807541324423504
254,63.79410465094032
1109,63.77593112821513
1396,63.73555087352151
2652,63.72461217393791
1008,63.71709361313608
2892,63.70076252032468
2013,63.698206613742244
2718,63.69540843177619
2079,63.675014427491156
2537,63.67160588718137
1501,63.666771062929335
783,63.61335026715463
2831,63.606363668420535
1250,63.59301206100083
347,63.585724300224186
2875,63.583455107341194
1853,63.56422685347063
1011,63.53186497586858
1946,63.52389875773387
1332,63.49422481314187
1253,63.45608159594799
1084,63.44850985579427
2240,63.442978777711716
482,63.438023203853064
2793,63.41109031966554
1307,63.409264921648024
48,63.38437489662733
1349,63.34900316470276
838,63.34406685202574
1254,63.32741692526381
631,63.29758362923286
2653,63.29303952780504
1478,63.27111678926761
1388,63.25138819359621
2156,63.244558047601764
2868,63.242752965521234
1524,63.21686421575967
2290,63.21241118165393
2733,63.20914507619886
1667,63.20551901968209
2243,63.15846467587226
1492,63.149321297018936
1981,63.13423475246566
601,63.128860313938844
13,63.09601947643691
2878,63.08937254050078
2137,63.08687137767483
671,63.07717687019316
1898,63.06484422865912
2756,63.056685839125244
1881,63.0542286075222
612,63.03924283901704
1578,63.00782712547905
442,62.97294640248794
643,62.96290019818851
2403,62.94802479183643
723,62.926450696563485
995,62.907791545050834
2686,62.90361726490594
1723,62.89728897724795
1265,62.846430705297735
679,62.83690413669072
2237,62.83272814266256
292,62.82623028453727
2082,62.82614949572368
2986,62.81645756623866
2946,62.798207751287144
735,62.79518736003149
648,62.790726653509005
1038,62.79057890390238
1001,62.7869352070747
1152,62.78098799299946
1124,62.70658576544336
1448,62.6906863944088
1369,62.68343925562909
2035,62.66355956905519
1646,62.65875846693819
1075,62.653740428281665
2407,62.646425591474916
210,62.642349519837595
2923,62.60949802555898
1693,62.60190713006507
2009,62.59515988857245
2474,62.566688578515596
1752,62.49101076616406
536,62.48861189527283
2274,62.45458254808288
776,62.429092449637224
435,62.4161356746727
122,62.36171139497016
1268,62.342028367588675
178,62.31577618158753
1925,62.313757314435094
109,62.2961252459771
2398,62.283445589007876
2372,62.25342176289476
1990,62.17555950336933
2194,62.11839007625299
1112,62.1032347389186
2233,62.090273448241646
2323,62.05755081585383
2338,62.02961995972241
2197,62.0223994318168
1273,62.017759105444455
1633,62.00660657639903
2392,61.98716248659717
497,61.96415775264085
2311,61.961496304619004
1454,61.95521710085716
777,61.91439150426229
115,61.90153522964842
1704,61.86472564501416
1613,61.86098898051019
1674,61.836764058329805
1393,61.779698202715416
81,61.752482694275336
1725,61.7094531024928
2260,61.68911312905321
1947,61.6768554566368
2604,61.64774729342299
977,61.64628901043584
359,61.63162020529949
2133,61.617669289868225
2626,61.60548212565686
2351,61.559111182266854
2462,61.548431843860314
2519,61.496736886724
683,61.47202905679142
2196,61.46877598394934
2404,61.40620414448041
2515,61.40569254995296
836,61.3961217173197
2020,61.38678680893906
44,61.38645849938243
2739,61.38367362340689
1313,61.37372074771261
1079,61.36012326456976
511,61.34456273440779
2551,61.32641888588942
348,61.32183986966299
136,61.290322914188316
2471,61.26529559674068
2498,61.24383761814826
2507,61.16583628330335
2316,61.16073406299632
470,61.15817114828096
1090,61.15070807884923
2815,61.128552897984896
2360,61.06552884333127
2388,61.06386626431424
2559,61.06100009786922
927,61.05702199622828
2063,61.04545607884871
934,61.030710492880324
1834,61.0067513073092
1736,61.00041394981042
1311,60.92451766139768
813,60.89900018274256
141,60.898631430343585
1420,60.86949344391981
2523,60.85841998945925
2032,60.848459616060055
489,60.81164552101316
2468,60.80543229930582
2869,60.7944430338946
2656,60.78968615429662
214,60.771432103949095
895,60.73969320894945
2736,60.71897303104951
1351,60.689920934912294
773,60.686918531414406
2022,60.66657336331175
1593,60.64032108597335
652,60.63584734210954
1405,60.60498479718689
132,60.58881829553472
979,60.585386129043165
2342,60.5550871693885
2490,60.542822791670886
1880,60.541669211267916
224,60.51113998519023
2014,60.492893642883104
2506,60.46726848079788
445,60.464674421538426
1631,60.46170262533908
2340,60.414331919403104
1358,60.35199134257976
905,60.34436063785712
543,60.33932245182993
2602,60.25106117588148
738,60.24091551908078
539,60.234544260669445
2131,60.201719043926204
2073,60.178779155611636
2206,60.14605177059018
262,60.130823458384505
1682,60.120498798032
255,60.118706801171264
2575,60.11605879948323
327,60.114012577184255
2964,60.04974125313823
2052,59.98146398971227
802,59.92882284322078
1252,59.910207532056575
1724,59.89737530494077
1013,59.876357041835455
247,59.86102338395101
1845,59.85001285764331
50,59.84069012757489
14,59.82708896651381
1350,59.82038151867552
1512,59.785237154978276
774,59.76990991364811
938,59.73928308070664
1314,59.69777520372762
491,59.6796752407246
64,59.6511003350901
1282,59.607778468445645
2384,59.5917613379458
1888,59.55147542865994
2777,59.527847332001976
476,59.527269653029876
2080,59.51908174034185
29,59.50627891805509
1763,59.472618003703744
2160,59.471287418647925
2116,59.46961011720614
554,59.45599787472623
608,59.44183174230881
251,59.44007224747027
2437,59.43065417441851
238,59.428897688389746
2492,59.40870313950608
1140,59.40553325043162
478,59.38338688783678
1123,59.365867668272664
2074,59.364702760017835
1500,59.34811031375116
1663,59.326644463697534
2411,59.323383547970145
1727,59.28740542510291
1127,59.25132987064255
1934,59.220621402278205
919,59.2085221895519
1283,59.20534529467701
1904,59.18665200073469
2884,59.17760707362887
713,59.17413882247889
751,59.15426033356882
1782,59.144607598628085
510,59.02360748272244
867,59.01350171468563
283,59.00902270336914
789,59.00677774866237
1191,58.999784603878496
1260,58.99277155631739
1590,58.943839195603786
1985,58.921973843660645
657,58.89013428633946
2400,58.868180762785485
954,58.84072363447212
1267,58.83614768693827
2876,58.82255226696574
1961,58.77203766716406
394,58.720510016157974
1017,58.64507324061946
2959,58.620778091928194
634,58.56773738775787
2713,58.56037810471201
1022,58.56024002550635
1638,58.55844261393108
827,58.53721834782297
1772,58.52086440418608
1183,58.507648551219134
1507,58.504030088725926
703,58.50223067902929
2570,58.472644033721565
4,58.425984078971176
1858,58.4080091664192
1952,58.34392926741713
673,58.328422734067104
2808,58.299405649956704
2001,58.28387182033342
2317,58.26064504238665
1034,58.25186983847811
526,58.218168416563756
2565,58.18071101403351
968,58.169460061408095
281,58.157700310820815
1053,58.150272879594084
2910,58.144336696135014
985,58.0591260088615
593,58.05012047688992
908,58.04104464420448
1446,58.02204404894735
2220,57.94666768389165
1463,57.919666698903235
1208,57.90359229408739
580,57.88207143108971
2775,57.87283811686693
892,57.84553233363647
2208,57.77892571164679
1893,57.70406626537068
626,57.690727582831705
2691,57.678329285443255
130,57.67372055995536
831,57.64135973529884
2460,57.58300513238076
391,57.57736405502522
481,57.5734674613396
1417,57.54155041125671
1480,57.50697201513805
79,57.494990388452294
1510,57.492436860216586
1878,57.48797383233704
2026,57.46970901621
1976,57.449597999732205
323,57.39309208205758
1684,57.37351414814159
971,57.36682709837995
2221,57.272286513609295
666,57.25904817722497
2140,57.25173535527071
1274,57.18439747421203
1476,57.16030322358293
2529,57.14603663769658
72,57.08564314274787
904,57.08358680896378
1070,57.059220676183585
2430,57.044450083210165
1581,57.04020674818171
663,57.00704043592822
1374,57.00133505163043
1072,57.000647541963005
2947,56.99647174884217
1319,56.98665858408732
446,56.9860851145968
1974,56.97907343828078
860,56.97855586324862
2057,56.87261816448772
1305,56.86650925406411
1747,56.78577201719304
2764,56.772861323190305
441,56.76871313722115
1599,56.767175665247514
1397,56.745870510061565
578,56.67245680671496
2655,56.644388446277986
1726,56.62332232430516
861,56.60595857495882
426,56.47352716271288
142,56.450110150302436
702,56.42974250868435
1021,56.39861120260421
21,56.38098906138543
2034,56.36653517107986
2068,56.35079802239298
684,56.27093637798221
311,56.2628978416486
249,56.19832960490316
227,56.13868153520866
2918,56.06677023779815
2909,56.054735578731275
2881,56.048798848221004
1074,56.04581392406393
1161,56.010532811107275
1037,56.00166699816954
1743,55.98343756407389
1189,55.939852379426554
1645,55.93767405611643
1438,55.9264906778472
2172,55.91579878352536
1575,55.79793339724342
463,55.73291827038723
320,55.73257201160859
1690,55.72532879515721
2503,55.702150034794606
2601,55.685153355755205
1272,55.62911479971194
2879,55.62186136365003
1899,55.61255338099642
2283,55.607484049677936
2432,55.58195380033179
2589,55.556060813650284
243,55.54153594012402
2149,55.53194759600756
584,55.481081554139415
1475,55.45365854345909
1991,55.31114191144208
807,55.24540427403098
762,55.14754043759404
2084,55.13436070260453
52,55.11318446604859
2714,55.09774341098169
609,55.06650748037701
1829,55.051456449425174
1756,55.00453776625826
936,54.972891183409956
2669,54.873610669496664
1681,54.857189789990436
2816,54.84467409345524
1530,54.81960242473791
1718,54.805665932884885
726,54.79931605207242
2122,54.7946081593011
2429,54.759233466953084
1568,54.73294903995246
2639,54.72081391875148
170,54.68664915576819
2904,54.678298313534675
366,54.649761650020096
1324,54.63479489017487
664,54.587440772246026
1027,54.53597242293427
1263,54.49404108092787
2962,54.47013698568872
2671,54.452853025249304
2968,54.45036848925124
239,54.44320865303755
1797,54.41902841822089
1251,54.41714560388232
55,54.385406228610485
1755,54.37151387402643
1757,54.370649882258974
2836,54.3391041738446
1557,54.333804635375564
1292,54.32028799553221
1466,54.309157221223884
1429,54.299783241968825
2420,54.27402878751924
1833,54.24520586671082
2089,54.23206280538726
743,54.17804927866185
1715,54.069926652820826
1240,54.06957910182391
651,53.93869079251001
1859,53.93314712061334
1160,53.889887123469435
2987,53.884656760507745
1323,53.862292271008705
1197,53.83762601546095
1828,53.83350582818853
2513,53.82110416329451
1116,53.75542497696211
1004,53.723056627662594
177,53.660253489634385
2574,53.595551195903056
546,53.59446652396983
2451,53.47532696384322
1294,53.42509460482969
1544,53.31184529861175
230,53.247799518218976
354,53.23770371934486
1996,53.18485962167191
196,53.158478748668045
2189,53.15077200608482
2096,53.12189636893555
1964,53.108781847322284
123,53.014679131242744
335,52.99438922087935
1247,52.98087592943225
2218,52.977905166203406
1086,52.954033578069826
1635,52.945903810855654
1416,52.93896782996402
1788,52.8693689637159
2396,52.84832980396749
675,52.83383022552469
1266,52.69840492765283
621,52.60863698812317
2463,52.59155253133093
1171,52.585811856372274
56,52.569515407528684
1065,52.561865751237484
2223,52.524900828250296
2154,52.50531843397411
1195,52.48597999630427
2998,52.482780477547
83,52.45798304211145
840,52.451561898549436
572,52.29509142709756
376,52.271073454497525
740,52.246814960378586
538,52.21417110408963
1377,52.12727193695752
2358,52.124755802968615
1659,52.01345009250159
2053,51.995753552017476
1621,51.937087553047554
945,51.90880683016199
1806,51.898561881991796
1147,51.88709833977369
404,51.857471875881124
393,51.82434344900023
1382,51.81456027734425
2552,51.803934333033006
1096,51.79827240005811
337,51.786940559905915
131,51.761172610076656
1861,51.75211491636612
2481,51.665359714079464
1039,51.63639132440847
1914,51.610147890947495
2685,51.60636808539561
757,51.513464373692905
2649,51.49057402589644
1101,51.433170627864726
1909,51.41905385871529
1766,51.38616825120963
635,51.36424944060771
801,51.36085924196032
1310,51.312340268745814
765,51.31098982414667
63,51.29467927992514
787,51.22538906359515
274,51.20550127786394
1567,51.190458192855246
322,51.17233855517574
1165,51.16634980055004
1132,51.1066873688259
687,51.033909604253616
2366,50.98139862728456
126,50.97432922760253
793,50.97270250232835
2117,50.9524448465783
2672,50.94862294900774
1009,50.92649195042029
2376,50.902974506024314
2956,50.84300198732853
436,50.815267071314736
885,50.79533263683166
1528,50.77058276314133
1559,50.692664555239446
2228,50.68431168949017
2128,50.65442067038167
1987,50.64064263814714
357,50.63812223796868
1549,50.61377125463307
2804,50.49146699166968
16,50.40495502565226
532,50.34333473102189
1381,50.340839992476766
1485,50.30125753507128
1931,50.29335692587674
705,50.27418519645279
1634,50.21621792945021
846,50.188129827133515
2166,50.15207885219784
1647,50.13819813155366
1168,50.111740838540456
1450,50.01792998756372
385,49.98177881965336
1700,49.962612245552116
2972,49.91301127020337
273,49.887802887914795
2624,49.87553734179734
84,49.815718462945554
506,49.79654185659153
852,49.788242931983696
95,49.764966693162116
855,49.74581316987812
15,49.71420397515188
969,49.6433304752162
697,49.602141604990315
1214,49.5859515993185
2807,49.560035577964754
401,49.55482447106026
444,49.5317925958469
1327,49.47329832256335
1662,49.38583984346428
188,49.34881249107575
1110,49.33871340680388
1291,49.281845386236675
1956,49.24093020785789
2005,49.22916465889325
2452,49.22772589755821
1535,49.16776057100585
912,49.136937059636416
1855,49.13537578467427
2183,49.07397192216562
562,48.977872639709005
51,48.95231613498518
368,48.9205941366717
472,48.87628769613337
1863,48.85861696362934
2849,48.80411900418039
1503,48.65273823248958
799,48.64047367719766
1983,48.60262828482969
2455,48.59778301005385
2988,48.58149658289316
1395,48.50835936798358
2182,48.49992414776494
1010,48.45793612144319
1148,48.370133600076294
1746,48.35571638990425
2568,48.354021378864495
419,48.342509320307094
1791,48.290270636346214
2270,48.25093552143513
1539,48.1980664564348
1442,48.12378825547329
556,48.07147429020988
1739,48.06565476677571
2542,47.981678087030076
2707,47.75499918774305
2141,47.691153507952315
2758,47.66371932259367
2357,47.66010679082345
1825,47.61441342924134
1827,47.56447546306342
2348,47.5346453821448
692,47.526496502829254
2093,47.47248586080604
1067,47.44353894616946
362,47.43901490529667
1695,47.24028351304628
2415,47.14563369326903
2381,47.097074916796515
261,47.012723934920174
1698,46.97082026198049
1280,46.90534478369385
2198,46.876199818209884
1414,46.77298780548135
1270,46.72790605758895
124,46.650296812407234
2408,46.54726326039991
795,46.47288666183587
1113,46.36596714280781
1517,46.17666196895473
622,46.02940452241416
266,46.019154187986146
475,46.001782007007755
717,45.89560236119216
2100,45.79710205887125
1439,45.75154297201728
117,45.647370899998315
1604,45.57030236896735
2598,45.542949864750284
2821,45.483880193366446
1142,45.36551996087741
1457,45.3006042248539
437,45.28287193826646
707,45.27427131722895
975,45.24706627715845
1573,45.03626536466992
1295,45.03023252403992
1371,45.02671125784232
1198,44.94553098985954
1669,44.93994365046434
2928,44.54417484031273
1622,44.37415189526213
2931,44.334920730343924
1942,44.32805477563015
2318,44.323795108476084
2665,44.247932996835296
752,44.19363791286454
369,44.18598904101086
998,44.09426200141658
2846,44.071026472300275
1533,43.96504165756808
353,43.92206671538808
1824,43.88469778888944
1357,43.875055606983075
1083,43.76246048586672
2645,43.739253323258836
1665,43.647895925328925
1159,43.56650375787265
118,43.275868808076666
2349,43.25063941370153
1699,43.16132449145679
2658,43.15676399877773
1773,43.1518228641031
798,43.10062791185248
1155,42.97785195768493
1262,42.75741700183404
1734,42.74349576313325
242,42.67511683227718
2435,42.60064893558502
2266,42.492441037019056
146,42.287858650892744
1071,42.21877603185075
1494,41.65793225461278
149,41.59386273592575
2873,41.53713340049809
1409,41.27585280952537
728,41.19188409772051
2663,41.0123998905542
186,41.0100444777865
967,40.980068105283614
301,40.921256590755746
330,40.66367144407902
2648,40.585682370064546
1771,40.51933825670764
1967,40.51157168472133
34,40.2925403391277
9,40.05050504556278
594,40.01676165867931
1589,40.01444920515603
796,40.005144714568765
114,40.00108262412486
464,39.9692641133396
822,39.61329936398989
2495,39.30421925202299
2138,38.92692343177138
381,38.73656961074526
1935,38.328710172644115
1046,38.205693155367186
2167,37.95256841958205
1054,37.89416793941754
1895,37.78196180330434
1275,37.511168669644015
2618,37.430612641764995
270,37.1916210796955
2856,37.16429239476704
2779,36.75543160662218
1425,36.51812550198216
2410,36.37189432811519
2418,36.35561297412802
2717,36.25858880030916
541,36.06062175953828
1764,35.53779104172705
2540,35.48060222342698
2030,35.01841168739433
2162,34.81746943214058
521,34.31121747090744
1299,33.80565102301244
1673,33.659334952031315
1355,32.64800965643353
2248,32.39178663642859
1751,31.54044037781279
2822,30.131818010514095
659,29.730654545244604
69,28.471530687614177
1652,26.010914072985912
943,22.847131845348617
